pattern_id,pattern_type,source_account_id,destination_account_id,source_customer_id,destination_customer_id,transfer_count,total_amount,max_amount,pattern_risk_score,pattern_explanation,recommended_action
GRAPH-PATTERN-000001,HIGH_INBOUND_COLLECTION_HUB,,ACC001009,,CUST000045,8,905.0,378.3,65.6,One account receives funds from many sources or receives unusually high total transfer value.,Review whether this account is acting as a collection point.
GRAPH-PATTERN-000002,HIGH_INBOUND_COLLECTION_HUB,,ACC000344,,CUST000746,8,676.69,292.79,65.45,One account receives funds from many sources or receives unusually high total transfer value.,Review whether this account is acting as a collection point.
GRAPH-PATTERN-000003,HIGH_INBOUND_COLLECTION_HUB,,ACC000325,,CUST000242,7,3221.57,2698.15,65.15,One account receives funds from many sources or receives unusually high total transfer value.,Review whether this account is acting as a collection point.
GRAPH-PATTERN-000004,HIGH_INBOUND_COLLECTION_HUB,,ACC001277,,CUST000198,6,7420.82,6878.9,63.95,One account receives funds from many sources or receives unusually high total transfer value.,Review whether this account is acting as a collection point.
GRAPH-PATTERN-000005,HIGH_INBOUND_COLLECTION_HUB,,ACC000939,,CUST000876,7,1411.42,969.67,63.94,One account receives funds from many sources or receives unusually high total transfer value.,Review whether this account is acting as a collection point.
GRAPH-PATTERN-000006,HIGH_INBOUND_COLLECTION_HUB,,ACC000974,,CUST000814,7,733.58,272.26,63.49,One account receives funds from many sources or receives unusually high total transfer value.,Review whether this account is acting as a collection point.
GRAPH-PATTERN-000007,HIGH_INBOUND_COLLECTION_HUB,,ACC000529,,CUST000990,7,716.03,569.29,63.48,One account receives funds from many sources or receives unusually high total transfer value.,Review whether this account is acting as a collection point.
GRAPH-PATTERN-000008,HIGH_INBOUND_COLLECTION_HUB,,ACC000241,,CUST000290,7,413.1,154.73,63.28,One account receives funds from many sources or receives unusually high total transfer value.,Review whether this account is acting as a collection point.
GRAPH-PATTERN-000009,HIGH_INBOUND_COLLECTION_HUB,,ACC001119,,CUST000717,6,4044.56,3875.12,61.7,One account receives funds from many sources or receives unusually high total transfer value.,Review whether this account is acting as a collection point.
GRAPH-PATTERN-000010,HIGH_INBOUND_COLLECTION_HUB,,ACC000077,,CUST000278,6,2119.36,1777.05,60.41,One account receives funds from many sources or receives unusually high total transfer value.,Review whether this account is acting as a collection point.
GRAPH-PATTERN-000011,HIGH_INBOUND_COLLECTION_HUB,,ACC001287,,CUST000376,6,2024.27,1330.2,60.35,One account receives funds from many sources or receives unusually high total transfer value.,Review whether this account is acting as a collection point.
GRAPH-PATTERN-000012,HIGH_INBOUND_COLLECTION_HUB,,ACC000906,,CUST000318,6,1669.64,992.93,60.11,One account receives funds from many sources or receives unusually high total transfer value.,Review whether this account is acting as a collection point.
GRAPH-PATTERN-000013,HIGH_INBOUND_COLLECTION_HUB,,ACC000715,,CUST000183,5,7315.18,7193.12,59.88,One account receives funds from many sources or receives unusually high total transfer value.,Review whether this account is acting as a collection point.
GRAPH-PATTERN-000014,HIGH_INBOUND_COLLECTION_HUB,,ACC000935,,CUST000461,6,1010.25,641.35,59.67,One account receives funds from many sources or receives unusually high total transfer value.,Review whether this account is acting as a collection point.
GRAPH-PATTERN-000015,HIGH_INBOUND_COLLECTION_HUB,,ACC000415,,CUST000250,6,965.49,355.69,59.64,One account receives funds from many sources or receives unusually high total transfer value.,Review whether this account is acting as a collection point.
GRAPH-PATTERN-000016,HIGH_INBOUND_COLLECTION_HUB,,ACC000288,,CUST000663,6,603.58,287.67,59.4,One account receives funds from many sources or receives unusually high total transfer value.,Review whether this account is acting as a collection point.
GRAPH-PATTERN-000017,HIGH_INBOUND_COLLECTION_HUB,,ACC000054,,CUST000190,6,599.18,245.05,59.4,One account receives funds from many sources or receives unusually high total transfer value.,Review whether this account is acting as a collection point.
GRAPH-PATTERN-000018,HIGH_INBOUND_COLLECTION_HUB,,ACC000534,,CUST000353,6,400.28,204.74,59.27,One account receives funds from many sources or receives unusually high total transfer value.,Review whether this account is acting as a collection point.
GRAPH-PATTERN-000019,HIGH_INBOUND_COLLECTION_HUB,,ACC000860,,CUST000286,6,337.26,111.5,59.22,One account receives funds from many sources or receives unusually high total transfer value.,Review whether this account is acting as a collection point.
GRAPH-PATTERN-000020,HIGH_INBOUND_COLLECTION_HUB,,ACC000022,,CUST000041,6,319.86,139.06,59.21,One account receives funds from many sources or receives unusually high total transfer value.,Review whether this account is acting as a collection point.
GRAPH-PATTERN-000021,HIGH_INBOUND_COLLECTION_HUB,,ACC000090,,CUST000666,5,5833.8,3951.0,58.89,One account receives funds from many sources or receives unusually high total transfer value.,Review whether this account is acting as a collection point.
GRAPH-PATTERN-000022,HIGH_INBOUND_COLLECTION_HUB,,ACC000857,,CUST000192,5,4993.42,2951.52,58.33,One account receives funds from many sources or receives unusually high total transfer value.,Review whether this account is acting as a collection point.
GRAPH-PATTERN-000023,HIGH_INBOUND_COLLECTION_HUB,,ACC001255,,CUST000585,5,2435.38,2245.17,56.62,One account receives funds from many sources or receives unusually high total transfer value.,Review whether this account is acting as a collection point.
GRAPH-PATTERN-000024,HIGH_INBOUND_COLLECTION_HUB,,ACC000564,,CUST000818,5,2005.15,1821.33,56.34,One account receives funds from many sources or receives unusually high total transfer value.,Review whether this account is acting as a collection point.
GRAPH-PATTERN-000025,HIGH_INBOUND_COLLECTION_HUB,,ACC000309,,CUST000395,4,7529.3,5804.84,56.02,One account receives funds from many sources or receives unusually high total transfer value.,Review whether this account is acting as a collection point.
GRAPH-PATTERN-000026,HIGH_INBOUND_COLLECTION_HUB,,ACC000411,,CUST000458,4,7518.27,6845.1,56.01,One account receives funds from many sources or receives unusually high total transfer value.,Review whether this account is acting as a collection point.
GRAPH-PATTERN-000027,HIGH_INBOUND_COLLECTION_HUB,,ACC000636,,CUST000530,5,1332.68,952.54,55.89,One account receives funds from many sources or receives unusually high total transfer value.,Review whether this account is acting as a collection point.
GRAPH-PATTERN-000028,HIGH_INBOUND_COLLECTION_HUB,,ACC000509,,CUST000140,5,959.94,706.74,55.64,One account receives funds from many sources or receives unusually high total transfer value.,Review whether this account is acting as a collection point.
GRAPH-PATTERN-000029,HIGH_INBOUND_COLLECTION_HUB,,ACC000450,,CUST000580,5,795.76,548.42,55.53,One account receives funds from many sources or receives unusually high total transfer value.,Review whether this account is acting as a collection point.
GRAPH-PATTERN-000030,HIGH_INBOUND_COLLECTION_HUB,,ACC000588,,CUST000459,5,671.74,265.26,55.45,One account receives funds from many sources or receives unusually high total transfer value.,Review whether this account is acting as a collection point.
GRAPH-PATTERN-000031,HIGH_INBOUND_COLLECTION_HUB,,ACC000927,,CUST000697,5,575.8,248.55,55.38,One account receives funds from many sources or receives unusually high total transfer value.,Review whether this account is acting as a collection point.
GRAPH-PATTERN-000032,HIGH_INBOUND_COLLECTION_HUB,,ACC000078,,CUST000298,5,568.32,190.48,55.38,One account receives funds from many sources or receives unusually high total transfer value.,Review whether this account is acting as a collection point.
GRAPH-PATTERN-000033,HIGH_INBOUND_COLLECTION_HUB,,ACC000989,,CUST000193,5,531.37,250.8,55.35,One account receives funds from many sources or receives unusually high total transfer value.,Review whether this account is acting as a collection point.
GRAPH-PATTERN-000034,HIGH_INBOUND_COLLECTION_HUB,,ACC000988,,CUST000697,5,505.79,252.11,55.34,One account receives funds from many sources or receives unusually high total transfer value.,Review whether this account is acting as a collection point.
GRAPH-PATTERN-000035,HIGH_INBOUND_COLLECTION_HUB,,ACC000859,,CUST000481,5,455.68,173.68,55.3,One account receives funds from many sources or receives unusually high total transfer value.,Review whether this account is acting as a collection point.
GRAPH-PATTERN-000036,HIGH_INBOUND_COLLECTION_HUB,,ACC001005,,CUST000863,5,445.27,298.01,55.3,One account receives funds from many sources or receives unusually high total transfer value.,Review whether this account is acting as a collection point.
GRAPH-PATTERN-000037,HIGH_INBOUND_COLLECTION_HUB,,ACC000531,,CUST000536,5,442.56,302.6,55.3,One account receives funds from many sources or receives unusually high total transfer value.,Review whether this account is acting as a collection point.
GRAPH-PATTERN-000038,HIGH_INBOUND_COLLECTION_HUB,,ACC001184,,CUST000997,5,425.56,164.86,55.28,One account receives funds from many sources or receives unusually high total transfer value.,Review whether this account is acting as a collection point.
GRAPH-PATTERN-000039,HIGH_INBOUND_COLLECTION_HUB,,ACC000023,,CUST000426,5,407.46,215.57,55.27,One account receives funds from many sources or receives unusually high total transfer value.,Review whether this account is acting as a collection point.
GRAPH-PATTERN-000040,HIGH_INBOUND_COLLECTION_HUB,,ACC000809,,CUST000285,5,394.25,180.03,55.26,One account receives funds from many sources or receives unusually high total transfer value.,Review whether this account is acting as a collection point.
GRAPH-PATTERN-000041,HIGH_INBOUND_COLLECTION_HUB,,ACC000310,,CUST000699,5,383.76,162.09,55.26,One account receives funds from many sources or receives unusually high total transfer value.,Review whether this account is acting as a collection point.
GRAPH-PATTERN-000042,HIGH_INBOUND_COLLECTION_HUB,,ACC000594,,CUST000844,5,366.19,147.95,55.24,One account receives funds from many sources or receives unusually high total transfer value.,Review whether this account is acting as a collection point.
GRAPH-PATTERN-000043,HIGH_INBOUND_COLLECTION_HUB,,ACC000318,,CUST000383,5,362.15,178.23,55.24,One account receives funds from many sources or receives unusually high total transfer value.,Review whether this account is acting as a collection point.
GRAPH-PATTERN-000044,HIGH_INBOUND_COLLECTION_HUB,,ACC000187,,CUST000767,5,362.09,142.26,55.24,One account receives funds from many sources or receives unusually high total transfer value.,Review whether this account is acting as a collection point.
GRAPH-PATTERN-000045,HIGH_INBOUND_COLLECTION_HUB,,ACC001033,,CUST000405,5,333.2,196.87,55.22,One account receives funds from many sources or receives unusually high total transfer value.,Review whether this account is acting as a collection point.
GRAPH-PATTERN-000046,HIGH_INBOUND_COLLECTION_HUB,,ACC000044,,CUST000488,5,331.93,155.46,55.22,One account receives funds from many sources or receives unusually high total transfer value.,Review whether this account is acting as a collection point.
GRAPH-PATTERN-000047,HIGH_INBOUND_COLLECTION_HUB,,ACC000690,,CUST000499,5,328.88,124.04,55.22,One account receives funds from many sources or receives unusually high total transfer value.,Review whether this account is acting as a collection point.
GRAPH-PATTERN-000048,HIGH_INBOUND_COLLECTION_HUB,,ACC001243,,CUST000736,5,289.82,92.53,55.19,One account receives funds from many sources or receives unusually high total transfer value.,Review whether this account is acting as a collection point.
GRAPH-PATTERN-000049,HIGH_INBOUND_COLLECTION_HUB,,ACC000980,,CUST000295,5,288.52,134.27,55.19,One account receives funds from many sources or receives unusually high total transfer value.,Review whether this account is acting as a collection point.
GRAPH-PATTERN-000050,HIGH_INBOUND_COLLECTION_HUB,,ACC000873,,CUST000909,5,275.57,126.5,55.18,One account receives funds from many sources or receives unusually high total transfer value.,Review whether this account is acting as a collection point.
GRAPH-PATTERN-000051,HIGH_INBOUND_COLLECTION_HUB,,ACC000141,,CUST000448,5,272.91,81.57,55.18,One account receives funds from many sources or receives unusually high total transfer value.,Review whether this account is acting as a collection point.
GRAPH-PATTERN-000052,HIGH_INBOUND_COLLECTION_HUB,,ACC001160,,CUST000268,5,256.0,119.41,55.17,One account receives funds from many sources or receives unusually high total transfer value.,Review whether this account is acting as a collection point.
GRAPH-PATTERN-000053,HIGH_INBOUND_COLLECTION_HUB,,ACC000825,,CUST000204,5,232.99,78.29,55.16,One account receives funds from many sources or receives unusually high total transfer value.,Review whether this account is acting as a collection point.
GRAPH-PATTERN-000054,HIGH_INBOUND_COLLECTION_HUB,,ACC001204,,CUST000644,5,218.52,111.0,55.15,One account receives funds from many sources or receives unusually high total transfer value.,Review whether this account is acting as a collection point.
GRAPH-PATTERN-000055,HIGH_INBOUND_COLLECTION_HUB,,ACC000907,,CUST000001,5,186.41,73.38,55.12,One account receives funds from many sources or receives unusually high total transfer value.,Review whether this account is acting as a collection point.
GRAPH-PATTERN-000056,HIGH_INBOUND_COLLECTION_HUB,,ACC000070,,CUST000352,5,182.15,67.79,55.12,One account receives funds from many sources or receives unusually high total transfer value.,Review whether this account is acting as a collection point.
GRAPH-PATTERN-000057,HIGH_INBOUND_COLLECTION_HUB,,ACC000967,,CUST000188,5,182.0,53.84,55.12,One account receives funds from many sources or receives unusually high total transfer value.,Review whether this account is acting as a collection point.
GRAPH-PATTERN-000058,HIGH_INBOUND_COLLECTION_HUB,,ACC000475,,CUST000132,5,146.27,53.08,55.1,One account receives funds from many sources or receives unusually high total transfer value.,Review whether this account is acting as a collection point.
GRAPH-PATTERN-000059,HIGH_INBOUND_COLLECTION_HUB,,ACC000188,,CUST000371,4,5779.98,5409.29,54.85,One account receives funds from many sources or receives unusually high total transfer value.,Review whether this account is acting as a collection point.
GRAPH-PATTERN-000060,HIGH_INBOUND_COLLECTION_HUB,,ACC000547,,CUST000454,4,3746.05,3577.06,53.5,One account receives funds from many sources or receives unusually high total transfer value.,Review whether this account is acting as a collection point.
GRAPH-PATTERN-000061,HIGH_INBOUND_COLLECTION_HUB,,ACC000712,,CUST000724,4,3320.2,2890.33,53.21,One account receives funds from many sources or receives unusually high total transfer value.,Review whether this account is acting as a collection point.
GRAPH-PATTERN-000062,HIGH_INBOUND_COLLECTION_HUB,,ACC000350,,CUST000915,4,3082.65,2883.3,53.06,One account receives funds from many sources or receives unusually high total transfer value.,Review whether this account is acting as a collection point.
GRAPH-PATTERN-000063,HIGH_INBOUND_COLLECTION_HUB,,ACC000135,,CUST000741,4,2658.0,2328.74,52.77,One account receives funds from many sources or receives unusually high total transfer value.,Review whether this account is acting as a collection point.
GRAPH-PATTERN-000064,HIGH_INBOUND_COLLECTION_HUB,,ACC000664,,CUST000826,4,2414.98,2236.19,52.61,One account receives funds from many sources or receives unusually high total transfer value.,Review whether this account is acting as a collection point.
GRAPH-PATTERN-000065,HIGH_INBOUND_COLLECTION_HUB,,ACC000843,,CUST000921,3,7214.32,5142.79,51.81,One account receives funds from many sources or receives unusually high total transfer value.,Review whether this account is acting as a collection point.
GRAPH-PATTERN-000066,HIGH_INBOUND_COLLECTION_HUB,,ACC000901,,CUST000613,3,5798.49,5528.47,50.87,One account receives funds from many sources or receives unusually high total transfer value.,Review whether this account is acting as a collection point.
GRAPH-PATTERN-000067,HIGH_INBOUND_COLLECTION_HUB,,ACC000853,,CUST000671,3,5418.39,5361.18,50.61,One account receives funds from many sources or receives unusually high total transfer value.,Review whether this account is acting as a collection point.
GRAPH-PATTERN-000068,HIGH_INBOUND_COLLECTION_HUB,,ACC001206,,CUST000535,3,5326.01,4791.33,50.55,One account receives funds from many sources or receives unusually high total transfer value.,Review whether this account is acting as a collection point.
GRAPH-PATTERN-000069,HIGH_INBOUND_COLLECTION_HUB,,ACC001226,,CUST000071,3,4871.03,4859.21,50.25,One account receives funds from many sources or receives unusually high total transfer value.,Review whether this account is acting as a collection point.
GRAPH-PATTERN-000070,HIGH_INBOUND_COLLECTION_HUB,,ACC000405,,CUST000892,3,4131.92,3158.67,49.75,One account receives funds from many sources or receives unusually high total transfer value.,Review whether this account is acting as a collection point.
GRAPH-PATTERN-000071,HIGH_INBOUND_COLLECTION_HUB,,ACC000600,,CUST000858,1,15876.94,15876.94,49.58,One account receives funds from many sources or receives unusually high total transfer value.,Review whether this account is acting as a collection point.
GRAPH-PATTERN-000072,HIGH_INBOUND_COLLECTION_HUB,,ACC000158,,CUST000345,3,3810.55,3527.51,49.54,One account receives funds from many sources or receives unusually high total transfer value.,Review whether this account is acting as a collection point.
GRAPH-PATTERN-000073,HIGH_INBOUND_COLLECTION_HUB,,ACC000931,,CUST000989,3,3476.46,3111.0,49.32,One account receives funds from many sources or receives unusually high total transfer value.,Review whether this account is acting as a collection point.
GRAPH-PATTERN-000074,HIGH_INBOUND_COLLECTION_HUB,,ACC000947,,CUST000493,3,3334.83,3205.73,49.22,One account receives funds from many sources or receives unusually high total transfer value.,Review whether this account is acting as a collection point.
GRAPH-PATTERN-000075,HIGH_INBOUND_COLLECTION_HUB,,ACC000293,,CUST000867,3,3134.14,3077.58,49.09,One account receives funds from many sources or receives unusually high total transfer value.,Review whether this account is acting as a collection point.
GRAPH-PATTERN-000076,HIGH_INBOUND_COLLECTION_HUB,,ACC000267,,CUST000850,3,3039.47,2924.23,49.03,One account receives funds from many sources or receives unusually high total transfer value.,Review whether this account is acting as a collection point.
GRAPH-PATTERN-000077,HIGH_INBOUND_COLLECTION_HUB,,ACC000965,,CUST000096,3,2907.36,2574.79,48.94,One account receives funds from many sources or receives unusually high total transfer value.,Review whether this account is acting as a collection point.
GRAPH-PATTERN-000078,HIGH_INBOUND_COLLECTION_HUB,,ACC000089,,CUST000896,3,2764.88,2640.92,48.84,One account receives funds from many sources or receives unusually high total transfer value.,Review whether this account is acting as a collection point.
GRAPH-PATTERN-000079,HIGH_INBOUND_COLLECTION_HUB,,ACC000622,,CUST000021,3,2620.21,2536.68,48.75,One account receives funds from many sources or receives unusually high total transfer value.,Review whether this account is acting as a collection point.
GRAPH-PATTERN-000080,HIGH_OUTBOUND_TRANSFER_HUB,ACC000324,,CUST000675,,3,16102.29,15876.94,48.73,One account sends funds to many destinations or sends unusually high total transfer value.,Review outgoing transfer activity and verify customer purpose.
GRAPH-PATTERN-000081,HIGH_INBOUND_COLLECTION_HUB,,ACC000621,,CUST000788,3,2575.23,2431.81,48.72,One account receives funds from many sources or receives unusually high total transfer value.,Review whether this account is acting as a collection point.
GRAPH-PATTERN-000082,HIGH_INBOUND_COLLECTION_HUB,,ACC000356,,CUST000250,3,2502.03,2478.84,48.67,One account receives funds from many sources or receives unusually high total transfer value.,Review whether this account is acting as a collection point.
GRAPH-PATTERN-000083,HIGH_INBOUND_COLLECTION_HUB,,ACC000757,,CUST000770,3,2308.07,2261.02,48.54,One account receives funds from many sources or receives unusually high total transfer value.,Review whether this account is acting as a collection point.
GRAPH-PATTERN-000084,HIGH_INBOUND_COLLECTION_HUB,,ACC000321,,CUST000171,2,7198.74,7146.28,47.8,One account receives funds from many sources or receives unusually high total transfer value.,Review whether this account is acting as a collection point.
GRAPH-PATTERN-000085,HIGH_INBOUND_COLLECTION_HUB,,ACC000527,,CUST000580,2,6746.55,3685.79,47.5,One account receives funds from many sources or receives unusually high total transfer value.,Review whether this account is acting as a collection point.
GRAPH-PATTERN-000086,HIGH_INBOUND_COLLECTION_HUB,,ACC001220,,CUST000287,2,6594.14,6349.59,47.4,One account receives funds from many sources or receives unusually high total transfer value.,Review whether this account is acting as a collection point.
GRAPH-PATTERN-000087,HIGH_INBOUND_COLLECTION_HUB,,ACC000091,,CUST000340,2,6541.26,6497.91,47.36,One account receives funds from many sources or receives unusually high total transfer value.,Review whether this account is acting as a collection point.
GRAPH-PATTERN-000088,HIGH_INBOUND_COLLECTION_HUB,,ACC000498,,CUST000782,2,5791.23,5749.13,46.86,One account receives funds from many sources or receives unusually high total transfer value.,Review whether this account is acting as a collection point.
GRAPH-PATTERN-000089,HIGH_INBOUND_COLLECTION_HUB,,ACC000784,,CUST000503,2,5530.86,5474.18,46.69,One account receives funds from many sources or receives unusually high total transfer value.,Review whether this account is acting as a collection point.
GRAPH-PATTERN-000090,HIGH_INBOUND_COLLECTION_HUB,,ACC000869,,CUST000813,2,5200.12,5186.63,46.47,One account receives funds from many sources or receives unusually high total transfer value.,Review whether this account is acting as a collection point.
GRAPH-PATTERN-000091,HIGH_INBOUND_COLLECTION_HUB,,ACC000080,,CUST000612,2,4523.1,4473.99,46.02,One account receives funds from many sources or receives unusually high total transfer value.,Review whether this account is acting as a collection point.
GRAPH-PATTERN-000092,HIGH_INBOUND_COLLECTION_HUB,,ACC000396,,CUST000251,2,4492.41,4474.02,45.99,One account receives funds from many sources or receives unusually high total transfer value.,Review whether this account is acting as a collection point.
GRAPH-PATTERN-000093,HIGH_INBOUND_COLLECTION_HUB,,ACC000342,,CUST000435,2,4154.44,4026.68,45.77,One account receives funds from many sources or receives unusually high total transfer value.,Review whether this account is acting as a collection point.
GRAPH-PATTERN-000094,HIGH_INBOUND_COLLECTION_HUB,,ACC001170,,CUST000375,2,3873.14,3736.89,45.58,One account receives funds from many sources or receives unusually high total transfer value.,Review whether this account is acting as a collection point.
GRAPH-PATTERN-000095,HIGH_INBOUND_COLLECTION_HUB,,ACC001124,,CUST000292,2,3599.59,3591.74,45.4,One account receives funds from many sources or receives unusually high total transfer value.,Review whether this account is acting as a collection point.
GRAPH-PATTERN-000096,HIGH_INBOUND_COLLECTION_HUB,,ACC000067,,CUST000655,2,3325.41,3306.67,45.22,One account receives funds from many sources or receives unusually high total transfer value.,Review whether this account is acting as a collection point.
GRAPH-PATTERN-000097,HIGH_INBOUND_COLLECTION_HUB,,ACC000222,,CUST000651,2,3190.92,2748.8,45.13,One account receives funds from many sources or receives unusually high total transfer value.,Review whether this account is acting as a collection point.
GRAPH-PATTERN-000098,HIGH_OUTBOUND_TRANSFER_HUB,ACC000987,,CUST000127,,6,6176.9,5186.63,45.12,One account sends funds to many destinations or sends unusually high total transfer value.,Review outgoing transfer activity and verify customer purpose.
GRAPH-PATTERN-000099,HIGH_INBOUND_COLLECTION_HUB,,ACC001007,,CUST000778,2,3143.1,3091.66,45.1,One account receives funds from many sources or receives unusually high total transfer value.,Review whether this account is acting as a collection point.
GRAPH-PATTERN-000100,HIGH_INBOUND_COLLECTION_HUB,,ACC000106,,CUST000367,2,2780.33,2761.76,44.85,One account receives funds from many sources or receives unusually high total transfer value.,Review whether this account is acting as a collection point.
GRAPH-PATTERN-000101,HIGH_INBOUND_COLLECTION_HUB,,ACC000474,,CUST000663,2,2637.03,2610.97,44.76,One account receives funds from many sources or receives unusually high total transfer value.,Review whether this account is acting as a collection point.
GRAPH-PATTERN-000102,HIGH_INBOUND_COLLECTION_HUB,,ACC000817,,CUST000686,2,2605.61,2476.72,44.74,One account receives funds from many sources or receives unusually high total transfer value.,Review whether this account is acting as a collection point.
GRAPH-PATTERN-000103,HIGH_OUTBOUND_TRANSFER_HUB,ACC001250,,CUST000554,,8,2151.25,1724.0,44.43,One account sends funds to many destinations or sends unusually high total transfer value.,Review outgoing transfer activity and verify customer purpose.
GRAPH-PATTERN-000104,RECIPROCAL_TRANSFERS,ACC000201,ACC001005,CUST000785,CUST000863,2,308.14,298.01,44.31,"Two accounts send funds to each other, creating a reciprocal transfer pattern.",Review whether transfers have a legitimate purpose or indicate circular fund movement.
GRAPH-PATTERN-000105,HIGH_INBOUND_COLLECTION_HUB,,ACC001298,,CUST000969,1,7744.68,7744.68,44.16,One account receives funds from many sources or receives unusually high total transfer value.,Review whether this account is acting as a collection point.
GRAPH-PATTERN-000106,RECIPROCAL_TRANSFERS,ACC000945,ACC001255,CUST000004,CUST000585,2,82.57,43.17,44.08,"Two accounts send funds to each other, creating a reciprocal transfer pattern.",Review whether transfers have a legitimate purpose or indicate circular fund movement.
GRAPH-PATTERN-000107,RECIPROCAL_TRANSFERS,ACC000356,ACC001081,CUST000250,CUST000741,2,36.29,25.57,44.04,"Two accounts send funds to each other, creating a reciprocal transfer pattern.",Review whether transfers have a legitimate purpose or indicate circular fund movement.
GRAPH-PATTERN-000108,HIGH_OUTBOUND_TRANSFER_HUB,ACC000113,,CUST000109,,4,6977.79,6845.1,43.65,One account sends funds to many destinations or sends unusually high total transfer value.,Review outgoing transfer activity and verify customer purpose.
GRAPH-PATTERN-000109,HIGH_OUTBOUND_TRANSFER_HUB,ACC000051,,CUST000636,,8,665.72,231.87,43.44,One account sends funds to many destinations or sends unusually high total transfer value.,Review outgoing transfer activity and verify customer purpose.
GRAPH-PATTERN-000110,HIGH_OUTBOUND_TRANSFER_HUB,ACC000607,,CUST000712,,4,6507.44,6349.59,43.34,One account sends funds to many destinations or sends unusually high total transfer value.,Review outgoing transfer activity and verify customer purpose.
GRAPH-PATTERN-000111,HIGH_OUTBOUND_TRANSFER_HUB,ACC000097,,CUST000949,,3,7952.26,7744.68,43.3,One account sends funds to many destinations or sends unusually high total transfer value.,Review outgoing transfer activity and verify customer purpose.
GRAPH-PATTERN-000112,HIGH_OUTBOUND_TRANSFER_HUB,ACC000923,,CUST000897,,3,7349.02,7193.12,42.9,One account sends funds to many destinations or sends unusually high total transfer value.,Review outgoing transfer activity and verify customer purpose.
GRAPH-PATTERN-000113,HIGH_OUTBOUND_TRANSFER_HUB,ACC001057,,CUST000063,,4,5715.04,5528.47,42.81,One account sends funds to many destinations or sends unusually high total transfer value.,Review outgoing transfer activity and verify customer purpose.
GRAPH-PATTERN-000114,HIGH_OUTBOUND_TRANSFER_HUB,ACC000404,,CUST000874,,4,5573.72,5361.18,42.72,One account sends funds to many destinations or sends unusually high total transfer value.,Review outgoing transfer activity and verify customer purpose.
GRAPH-PATTERN-000115,HIGH_OUTBOUND_TRANSFER_HUB,ACC000879,,CUST000777,,4,5459.97,4791.33,42.64,One account sends funds to many destinations or sends unusually high total transfer value.,Review outgoing transfer activity and verify customer purpose.
GRAPH-PATTERN-000116,HIGH_OUTBOUND_TRANSFER_HUB,ACC000091,,CUST000340,,3,6935.11,6878.9,42.62,One account sends funds to many destinations or sends unusually high total transfer value.,Review outgoing transfer activity and verify customer purpose.
GRAPH-PATTERN-000117,HIGH_OUTBOUND_TRANSFER_HUB,ACC000216,,CUST000763,,3,6737.53,6497.91,42.49,One account sends funds to many destinations or sends unusually high total transfer value.,Review outgoing transfer activity and verify customer purpose.
GRAPH-PATTERN-000118,HIGH_OUTBOUND_TRANSFER_HUB,ACC000447,,CUST000371,,5,3708.13,3205.73,42.47,One account sends funds to many destinations or sends unusually high total transfer value.,Review outgoing transfer activity and verify customer purpose.
GRAPH-PATTERN-000119,HIGH_OUTBOUND_TRANSFER_HUB,ACC000260,,CUST000166,,7,615.58,355.51,42.41,One account sends funds to many destinations or sends unusually high total transfer value.,Review outgoing transfer activity and verify customer purpose.
GRAPH-PATTERN-000120,HIGH_OUTBOUND_TRANSFER_HUB,ACC000367,,CUST000543,,6,2077.11,1821.33,42.38,One account sends funds to many destinations or sends unusually high total transfer value.,Review outgoing transfer activity and verify customer purpose.
GRAPH-PATTERN-000121,HIGH_OUTBOUND_TRANSFER_HUB,ACC001228,,CUST000311,,7,539.97,178.23,42.36,One account sends funds to many destinations or sends unusually high total transfer value.,Review outgoing transfer activity and verify customer purpose.
GRAPH-PATTERN-000122,HIGH_OUTBOUND_TRANSFER_HUB,ACC000550,,CUST000879,,7,508.06,127.28,42.34,One account sends funds to many destinations or sends unusually high total transfer value.,Review outgoing transfer activity and verify customer purpose.
GRAPH-PATTERN-000123,HIGH_OUTBOUND_TRANSFER_HUB,ACC000119,,CUST000231,,5,3337.33,3091.66,42.22,One account sends funds to many destinations or sends unusually high total transfer value.,Review outgoing transfer activity and verify customer purpose.
GRAPH-PATTERN-000124,HIGH_OUTBOUND_TRANSFER_HUB,ACC000601,,CUST000265,,5,3257.45,2574.79,42.17,One account sends funds to many destinations or sends unusually high total transfer value.,Review outgoing transfer activity and verify customer purpose.
GRAPH-PATTERN-000125,HIGH_OUTBOUND_TRANSFER_HUB,ACC001284,,CUST000002,,5,3167.59,2709.16,42.11,One account sends funds to many destinations or sends unusually high total transfer value.,Review outgoing transfer activity and verify customer purpose.
GRAPH-PATTERN-000126,HIGH_OUTBOUND_TRANSFER_HUB,ACC000069,,CUST000968,,3,5943.18,5804.84,41.96,One account sends funds to many destinations or sends unusually high total transfer value.,Review outgoing transfer activity and verify customer purpose.
GRAPH-PATTERN-000127,HIGH_INBOUND_COLLECTION_HUB,,ACC000497,,CUST000893,1,4407.3,4407.3,41.94,One account receives funds from many sources or receives unusually high total transfer value.,Review whether this account is acting as a collection point.
GRAPH-PATTERN-000128,HIGH_INBOUND_COLLECTION_HUB,,ACC000969,,CUST000563,1,4382.76,4382.76,41.92,One account receives funds from many sources or receives unusually high total transfer value.,Review whether this account is acting as a collection point.
GRAPH-PATTERN-000129,HIGH_OUTBOUND_TRANSFER_HUB,ACC000178,,CUST000919,,2,7191.58,7146.28,41.79,One account sends funds to many destinations or sends unusually high total transfer value.,Review outgoing transfer activity and verify customer purpose.
GRAPH-PATTERN-000130,HIGH_OUTBOUND_TRANSFER_HUB,ACC001231,,CUST000765,,5,2622.63,2478.84,41.75,One account sends funds to many destinations or sends unusually high total transfer value.,Review outgoing transfer activity and verify customer purpose.
GRAPH-PATTERN-000131,HIGH_OUTBOUND_TRANSFER_HUB,ACC000184,,CUST000900,,5,2622.06,2328.74,41.75,One account sends funds to many destinations or sends unusually high total transfer value.,Review outgoing transfer activity and verify customer purpose.
GRAPH-PATTERN-000132,HIGH_OUTBOUND_TRANSFER_HUB,ACC000966,,CUST000372,,4,3952.06,3875.12,41.63,One account sends funds to many destinations or sends unusually high total transfer value.,Review outgoing transfer activity and verify customer purpose.
GRAPH-PATTERN-000133,HIGH_OUTBOUND_TRANSFER_HUB,ACC000239,,CUST000221,,4,3928.36,3591.74,41.62,One account sends funds to many destinations or sends unusually high total transfer value.,Review outgoing transfer activity and verify customer purpose.
GRAPH-PATTERN-000134,HIGH_OUTBOUND_TRANSFER_HUB,ACC000322,,CUST000143,,6,930.61,453.75,41.62,One account sends funds to many destinations or sends unusually high total transfer value.,Review outgoing transfer activity and verify customer purpose.
GRAPH-PATTERN-000135,HIGH_OUTBOUND_TRANSFER_HUB,ACC000717,,CUST000731,,6,727.13,376.82,41.48,One account sends funds to many destinations or sends unusually high total transfer value.,Review outgoing transfer activity and verify customer purpose.
GRAPH-PATTERN-000136,HIGH_OUTBOUND_TRANSFER_HUB,ACC000253,,CUST000213,,6,566.84,208.31,41.38,One account sends funds to many destinations or sends unusually high total transfer value.,Review outgoing transfer activity and verify customer purpose.
GRAPH-PATTERN-000137,HIGH_OUTBOUND_TRANSFER_HUB,ACC000146,,CUST000673,,6,565.05,144.71,41.38,One account sends funds to many destinations or sends unusually high total transfer value.,Review outgoing transfer activity and verify customer purpose.
GRAPH-PATTERN-000138,HIGH_OUTBOUND_TRANSFER_HUB,ACC000124,,CUST000573,,6,564.06,269.16,41.38,One account sends funds to many destinations or sends unusually high total transfer value.,Review outgoing transfer activity and verify customer purpose.
GRAPH-PATTERN-000139,HIGH_OUTBOUND_TRANSFER_HUB,ACC000722,,CUST000661,,6,558.02,288.76,41.37,One account sends funds to many destinations or sends unusually high total transfer value.,Review outgoing transfer activity and verify customer purpose.
GRAPH-PATTERN-000140,HIGH_OUTBOUND_TRANSFER_HUB,ACC000941,,CUST000252,,6,552.07,201.14,41.37,One account sends funds to many destinations or sends unusually high total transfer value.,Review outgoing transfer activity and verify customer purpose.
GRAPH-PATTERN-000141,HIGH_OUTBOUND_TRANSFER_HUB,ACC000285,,CUST000943,,6,525.33,202.44,41.35,One account sends funds to many destinations or sends unusually high total transfer value.,Review outgoing transfer activity and verify customer purpose.
GRAPH-PATTERN-000142,HIGH_OUTBOUND_TRANSFER_HUB,ACC000637,,CUST000582,,5,1998.14,1513.91,41.33,One account sends funds to many destinations or sends unusually high total transfer value.,Review outgoing transfer activity and verify customer purpose.
GRAPH-PATTERN-000143,HIGH_OUTBOUND_TRANSFER_HUB,ACC000786,,CUST000256,,6,487.02,155.12,41.32,One account sends funds to many destinations or sends unusually high total transfer value.,Review outgoing transfer activity and verify customer purpose.
GRAPH-PATTERN-000144,HIGH_OUTBOUND_TRANSFER_HUB,ACC000640,,CUST000782,,4,3422.67,3111.0,41.28,One account sends funds to many destinations or sends unusually high total transfer value.,Review outgoing transfer activity and verify customer purpose.
GRAPH-PATTERN-000145,HIGH_OUTBOUND_TRANSFER_HUB,ACC001005,,CUST000863,,6,335.22,104.88,41.22,One account sends funds to many destinations or sends unusually high total transfer value.,Review outgoing transfer activity and verify customer purpose.
GRAPH-PATTERN-000146,HIGH_OUTBOUND_TRANSFER_HUB,ACC000063,,CUST000913,,5,1772.27,1620.66,41.18,One account sends funds to many destinations or sends unusually high total transfer value.,Review outgoing transfer activity and verify customer purpose.
GRAPH-PATTERN-000147,HIGH_OUTBOUND_TRANSFER_HUB,ACC000378,,CUST000393,,6,257.79,71.53,41.17,One account sends funds to many destinations or sends unusually high total transfer value.,Review outgoing transfer activity and verify customer purpose.
GRAPH-PATTERN-000148,HIGH_OUTBOUND_TRANSFER_HUB,ACC000241,,CUST000290,,4,3139.3,3060.76,41.09,One account sends funds to many destinations or sends unusually high total transfer value.,Review outgoing transfer activity and verify customer purpose.
GRAPH-PATTERN-000149,HIGH_OUTBOUND_TRANSFER_HUB,ACC000379,,CUST000030,,2,6048.0,5749.13,41.03,One account sends funds to many destinations or sends unusually high total transfer value.,Review outgoing transfer activity and verify customer purpose.
GRAPH-PATTERN-000150,HIGH_INBOUND_COLLECTION_HUB,,ACC001123,,CUST000973,1,2879.68,2879.68,40.92,One account receives funds from many sources or receives unusually high total transfer value.,Review whether this account is acting as a collection point.
GRAPH-PATTERN-000151,HIGH_OUTBOUND_TRANSFER_HUB,ACC000609,,CUST000510,,5,1299.18,474.73,40.87,One account sends funds to many destinations or sends unusually high total transfer value.,Review outgoing transfer activity and verify customer purpose.
GRAPH-PATTERN-000152,HIGH_OUTBOUND_TRANSFER_HUB,ACC000169,,CUST000565,,4,2757.85,2610.97,40.84,One account sends funds to many destinations or sends unusually high total transfer value.,Review outgoing transfer activity and verify customer purpose.
GRAPH-PATTERN-000153,HIGH_INBOUND_COLLECTION_HUB,,ACC000437,,CUST000221,1,2709.16,2709.16,40.81,One account receives funds from many sources or receives unusually high total transfer value.,Review whether this account is acting as a collection point.
GRAPH-PATTERN-000154,HIGH_OUTBOUND_TRANSFER_HUB,ACC000579,,CUST000839,,5,1005.16,732.08,40.67,One account sends funds to many destinations or sends unusually high total transfer value.,Review outgoing transfer activity and verify customer purpose.
GRAPH-PATTERN-000155,HIGH_OUTBOUND_TRANSFER_HUB,ACC001130,,CUST000322,,2,5490.89,5474.18,40.66,One account sends funds to many destinations or sends unusually high total transfer value.,Review outgoing transfer activity and verify customer purpose.
GRAPH-PATTERN-000156,HIGH_OUTBOUND_TRANSFER_HUB,ACC000893,,CUST000821,,5,928.55,364.49,40.62,One account sends funds to many destinations or sends unusually high total transfer value.,Review outgoing transfer activity and verify customer purpose.
GRAPH-PATTERN-000157,HIGH_OUTBOUND_TRANSFER_HUB,ACC001268,,CUST000025,,5,878.09,381.27,40.59,One account sends funds to many destinations or sends unusually high total transfer value.,Review outgoing transfer activity and verify customer purpose.
GRAPH-PATTERN-000158,HIGH_OUTBOUND_TRANSFER_HUB,ACC000715,,CUST000183,,5,845.15,706.74,40.56,One account sends funds to many destinations or sends unusually high total transfer value.,Review outgoing transfer activity and verify customer purpose.
GRAPH-PATTERN-000159,HIGH_OUTBOUND_TRANSFER_HUB,ACC000578,,CUST000182,,5,835.85,356.47,40.56,One account sends funds to many destinations or sends unusually high total transfer value.,Review outgoing transfer activity and verify customer purpose.
GRAPH-PATTERN-000160,HIGH_OUTBOUND_TRANSFER_HUB,ACC000707,,CUST000303,,5,757.01,307.42,40.5,One account sends funds to many destinations or sends unusually high total transfer value.,Review outgoing transfer activity and verify customer purpose.
GRAPH-PATTERN-000161,HIGH_OUTBOUND_TRANSFER_HUB,ACC001007,,CUST000778,,5,744.82,382.39,40.5,One account sends funds to many destinations or sends unusually high total transfer value.,Review outgoing transfer activity and verify customer purpose.
GRAPH-PATTERN-000162,HIGH_OUTBOUND_TRANSFER_HUB,ACC000795,,CUST000571,,5,736.49,416.43,40.49,One account sends funds to many destinations or sends unusually high total transfer value.,Review outgoing transfer activity and verify customer purpose.
GRAPH-PATTERN-000163,HIGH_OUTBOUND_TRANSFER_HUB,ACC000517,,CUST000842,,5,719.1,426.25,40.48,One account sends funds to many destinations or sends unusually high total transfer value.,Review outgoing transfer activity and verify customer purpose.
GRAPH-PATTERN-000164,HIGH_OUTBOUND_TRANSFER_HUB,ACC000563,,CUST000463,,5,699.01,472.08,40.47,One account sends funds to many destinations or sends unusually high total transfer value.,Review outgoing transfer activity and verify customer purpose.
GRAPH-PATTERN-000165,HIGH_OUTBOUND_TRANSFER_HUB,ACC000335,,CUST000155,,5,685.89,382.22,40.46,One account sends funds to many destinations or sends unusually high total transfer value.,Review outgoing transfer activity and verify customer purpose.
GRAPH-PATTERN-000166,HIGH_OUTBOUND_TRANSFER_HUB,ACC001003,,CUST000002,,5,673.69,268.2,40.45,One account sends funds to many destinations or sends unusually high total transfer value.,Review outgoing transfer activity and verify customer purpose.
GRAPH-PATTERN-000167,HIGH_OUTBOUND_TRANSFER_HUB,ACC000869,,CUST000813,,5,659.25,336.5,40.44,One account sends funds to many destinations or sends unusually high total transfer value.,Review outgoing transfer activity and verify customer purpose.
GRAPH-PATTERN-000168,HIGH_OUTBOUND_TRANSFER_HUB,ACC001046,,CUST000300,,5,625.64,379.32,40.42,One account sends funds to many destinations or sends unusually high total transfer value.,Review outgoing transfer activity and verify customer purpose.
GRAPH-PATTERN-000169,HIGH_OUTBOUND_TRANSFER_HUB,ACC001034,,CUST000552,,5,609.82,334.59,40.41,One account sends funds to many destinations or sends unusually high total transfer value.,Review outgoing transfer activity and verify customer purpose.
GRAPH-PATTERN-000170,HIGH_OUTBOUND_TRANSFER_HUB,ACC000894,,CUST000803,,5,602.0,250.8,40.4,One account sends funds to many destinations or sends unusually high total transfer value.,Review outgoing transfer activity and verify customer purpose.
GRAPH-PATTERN-000171,HIGH_OUTBOUND_TRANSFER_HUB,ACC001254,,CUST000120,,5,545.95,228.74,40.36,One account sends funds to many destinations or sends unusually high total transfer value.,Review outgoing transfer activity and verify customer purpose.
GRAPH-PATTERN-000172,HIGH_OUTBOUND_TRANSFER_HUB,ACC000742,,CUST000078,,5,518.67,223.19,40.35,One account sends funds to many destinations or sends unusually high total transfer value.,Review outgoing transfer activity and verify customer purpose.
GRAPH-PATTERN-000173,HIGH_OUTBOUND_TRANSFER_HUB,ACC000569,,CUST000969,,5,515.87,241.1,40.34,One account sends funds to many destinations or sends unusually high total transfer value.,Review outgoing transfer activity and verify customer purpose.
GRAPH-PATTERN-000174,HIGH_OUTBOUND_TRANSFER_HUB,ACC000662,,CUST000198,,5,510.04,170.48,40.34,One account sends funds to many destinations or sends unusually high total transfer value.,Review outgoing transfer activity and verify customer purpose.
GRAPH-PATTERN-000175,HIGH_OUTBOUND_TRANSFER_HUB,ACC000515,,CUST000283,,5,484.54,234.02,40.32,One account sends funds to many destinations or sends unusually high total transfer value.,Review outgoing transfer activity and verify customer purpose.
GRAPH-PATTERN-000176,HIGH_OUTBOUND_TRANSFER_HUB,ACC000685,,CUST000476,,5,474.87,138.07,40.32,One account sends funds to many destinations or sends unusually high total transfer value.,Review outgoing transfer activity and verify customer purpose.
GRAPH-PATTERN-000177,HIGH_OUTBOUND_TRANSFER_HUB,ACC000526,,CUST000682,,5,474.64,222.18,40.32,One account sends funds to many destinations or sends unusually high total transfer value.,Review outgoing transfer activity and verify customer purpose.
GRAPH-PATTERN-000178,HIGH_OUTBOUND_TRANSFER_HUB,ACC000211,,CUST000983,,2,4970.86,4407.3,40.31,One account sends funds to many destinations or sends unusually high total transfer value.,Review outgoing transfer activity and verify customer purpose.
GRAPH-PATTERN-000179,HIGH_OUTBOUND_TRANSFER_HUB,ACC000501,,CUST000963,,5,459.43,179.4,40.31,One account sends funds to many destinations or sends unusually high total transfer value.,Review outgoing transfer activity and verify customer purpose.
GRAPH-PATTERN-000180,HIGH_OUTBOUND_TRANSFER_HUB,ACC001172,,CUST000179,,5,450.05,351.49,40.3,One account sends funds to many destinations or sends unusually high total transfer value.,Review outgoing transfer activity and verify customer purpose.
GRAPH-PATTERN-000181,HIGH_OUTBOUND_TRANSFER_HUB,ACC000732,,CUST000043,,5,434.8,170.0,40.29,One account sends funds to many destinations or sends unusually high total transfer value.,Review outgoing transfer activity and verify customer purpose.
GRAPH-PATTERN-000182,HIGH_OUTBOUND_TRANSFER_HUB,ACC000198,,CUST000920,,5,433.95,160.59,40.29,One account sends funds to many destinations or sends unusually high total transfer value.,Review outgoing transfer activity and verify customer purpose.
GRAPH-PATTERN-000183,HIGH_OUTBOUND_TRANSFER_HUB,ACC000498,,CUST000782,,2,4874.93,4859.21,40.25,One account sends funds to many destinations or sends unusually high total transfer value.,Review outgoing transfer activity and verify customer purpose.
GRAPH-PATTERN-000184,HIGH_OUTBOUND_TRANSFER_HUB,ACC000593,,CUST000029,,5,349.56,239.63,40.23,One account sends funds to many destinations or sends unusually high total transfer value.,Review outgoing transfer activity and verify customer purpose.
GRAPH-PATTERN-000185,HIGH_OUTBOUND_TRANSFER_HUB,ACC000596,,CUST000914,,5,331.71,125.16,40.22,One account sends funds to many destinations or sends unusually high total transfer value.,Review outgoing transfer activity and verify customer purpose.
GRAPH-PATTERN-000186,HIGH_OUTBOUND_TRANSFER_HUB,ACC000353,,CUST000346,,5,328.44,122.91,40.22,One account sends funds to many destinations or sends unusually high total transfer value.,Review outgoing transfer activity and verify customer purpose.
GRAPH-PATTERN-000187,HIGH_OUTBOUND_TRANSFER_HUB,ACC000200,,CUST000855,,5,322.57,117.25,40.22,One account sends funds to many destinations or sends unusually high total transfer value.,Review outgoing transfer activity and verify customer purpose.
GRAPH-PATTERN-000188,HIGH_OUTBOUND_TRANSFER_HUB,ACC000711,,CUST000455,,3,3312.49,3158.67,40.21,One account sends funds to many destinations or sends unusually high total transfer value.,Review outgoing transfer activity and verify customer purpose.
GRAPH-PATTERN-000189,HIGH_OUTBOUND_TRANSFER_HUB,ACC001279,,CUST000783,,5,304.68,106.41,40.2,One account sends funds to many destinations or sends unusually high total transfer value.,Review outgoing transfer activity and verify customer purpose.
GRAPH-PATTERN-000190,HIGH_OUTBOUND_TRANSFER_HUB,ACC001097,,CUST000762,,5,281.67,147.06,40.19,One account sends funds to many destinations or sends unusually high total transfer value.,Review outgoing transfer activity and verify customer purpose.
GRAPH-PATTERN-000191,HIGH_OUTBOUND_TRANSFER_HUB,ACC000395,,CUST000100,,5,277.38,146.92,40.18,One account sends funds to many destinations or sends unusually high total transfer value.,Review outgoing transfer activity and verify customer purpose.
GRAPH-PATTERN-000192,HIGH_OUTBOUND_TRANSFER_HUB,ACC000163,,CUST000244,,5,276.83,98.76,40.18,One account sends funds to many destinations or sends unusually high total transfer value.,Review outgoing transfer activity and verify customer purpose.
GRAPH-PATTERN-000193,HIGH_OUTBOUND_TRANSFER_HUB,ACC000273,,CUST000106,,5,226.72,106.16,40.15,One account sends funds to many destinations or sends unusually high total transfer value.,Review outgoing transfer activity and verify customer purpose.
GRAPH-PATTERN-000194,HIGH_OUTBOUND_TRANSFER_HUB,ACC001133,,CUST000490,,5,193.19,89.33,40.13,One account sends funds to many destinations or sends unusually high total transfer value.,Review outgoing transfer activity and verify customer purpose.
GRAPH-PATTERN-000195,HIGH_OUTBOUND_TRANSFER_HUB,ACC001275,,CUST000033,,5,142.11,44.02,40.09,One account sends funds to many destinations or sends unusually high total transfer value.,Review outgoing transfer activity and verify customer purpose.
GRAPH-PATTERN-000196,HIGH_OUTBOUND_TRANSFER_HUB,ACC001271,,CUST000149,,3,3100.2,2924.23,40.07,One account sends funds to many destinations or sends unusually high total transfer value.,Review outgoing transfer activity and verify customer purpose.
GRAPH-PATTERN-000197,HIGH_OUTBOUND_TRANSFER_HUB,ACC001081,,CUST000741,,5,81.4,30.79,40.05,One account sends funds to many destinations or sends unusually high total transfer value.,Review outgoing transfer activity and verify customer purpose.
GRAPH-PATTERN-000198,HIGH_OUTBOUND_TRANSFER_HUB,ACC000751,,CUST000459,,2,4548.11,4473.99,40.03,One account sends funds to many destinations or sends unusually high total transfer value.,Review outgoing transfer activity and verify customer purpose.
GRAPH-PATTERN-000199,HIGH_OUTBOUND_TRANSFER_HUB,ACC000672,,CUST000693,,3,2976.27,2883.3,39.98,One account sends funds to many destinations or sends unusually high total transfer value.,Review outgoing transfer activity and verify customer purpose.
GRAPH-PATTERN-000200,HIGH_OUTBOUND_TRANSFER_HUB,ACC000315,,CUST000343,,3,2974.15,2748.8,39.98,One account sends funds to many destinations or sends unusually high total transfer value.,Review outgoing transfer activity and verify customer purpose.
GRAPH-PATTERN-000201,HIGH_OUTBOUND_TRANSFER_HUB,ACC000018,,CUST000203,,3,2927.07,1588.61,39.95,One account sends funds to many destinations or sends unusually high total transfer value.,Review outgoing transfer activity and verify customer purpose.
GRAPH-PATTERN-000202,HIGH_OUTBOUND_TRANSFER_HUB,ACC000249,,CUST000930,,2,4411.79,4382.76,39.94,One account sends funds to many destinations or sends unusually high total transfer value.,Review outgoing transfer activity and verify customer purpose.
GRAPH-PATTERN-000203,HIGH_OUTBOUND_TRANSFER_HUB,ACC000831,,CUST000951,,3,2742.73,2698.15,39.83,One account sends funds to many destinations or sends unusually high total transfer value.,Review outgoing transfer activity and verify customer purpose.
GRAPH-PATTERN-000204,HIGH_OUTBOUND_TRANSFER_HUB,ACC000948,,CUST000362,,2,4056.31,4026.68,39.7,One account sends funds to many destinations or sends unusually high total transfer value.,Review outgoing transfer activity and verify customer purpose.
GRAPH-PATTERN-000205,HIGH_OUTBOUND_TRANSFER_HUB,ACC000081,,CUST000787,,3,2516.55,1890.65,39.68,One account sends funds to many destinations or sends unusually high total transfer value.,Review outgoing transfer activity and verify customer purpose.
GRAPH-PATTERN-000206,HIGH_OUTBOUND_TRANSFER_HUB,ACC000308,,CUST000658,,2,3997.59,3951.0,39.67,One account sends funds to many destinations or sends unusually high total transfer value.,Review outgoing transfer activity and verify customer purpose.
GRAPH-PATTERN-000207,HIGH_OUTBOUND_TRANSFER_HUB,ACC000932,,CUST000624,,1,5409.29,5409.29,39.61,One account sends funds to many destinations or sends unusually high total transfer value.,Review outgoing transfer activity and verify customer purpose.
GRAPH-PATTERN-000208,HIGH_OUTBOUND_TRANSFER_HUB,ACC000861,,CUST000656,,1,5142.79,5142.79,39.43,One account sends funds to many destinations or sends unusually high total transfer value.,Review outgoing transfer activity and verify customer purpose.
GRAPH-PATTERN-000209,HIGH_OUTBOUND_TRANSFER_HUB,ACC000087,,CUST000383,,2,3588.81,3527.51,39.39,One account sends funds to many destinations or sends unusually high total transfer value.,Review outgoing transfer activity and verify customer purpose.
GRAPH-PATTERN-000210,HIGH_OUTBOUND_TRANSFER_HUB,ACC000407,,CUST000747,,2,3361.72,3306.67,39.24,One account sends funds to many destinations or sends unusually high total transfer value.,Review outgoing transfer activity and verify customer purpose.
GRAPH-PATTERN-000211,HIGH_OUTBOUND_TRANSFER_HUB,ACC000813,,CUST000999,,2,2995.84,2951.52,39.0,One account sends funds to many destinations or sends unusually high total transfer value.,Review outgoing transfer activity and verify customer purpose.
GRAPH-PATTERN-000212,HIGH_OUTBOUND_TRANSFER_HUB,ACC001015,,CUST000776,,1,4474.02,4474.02,38.98,One account sends funds to many destinations or sends unusually high total transfer value.,Review outgoing transfer activity and verify customer purpose.
GRAPH-PATTERN-000213,HIGH_OUTBOUND_TRANSFER_HUB,ACC000962,,CUST000713,,2,2916.17,2890.33,38.94,One account sends funds to many destinations or sends unusually high total transfer value.,Review outgoing transfer activity and verify customer purpose.
GRAPH-PATTERN-000214,HIGH_OUTBOUND_TRANSFER_HUB,ACC000015,,CUST000921,,2,2745.76,2640.92,38.83,One account sends funds to many destinations or sends unusually high total transfer value.,Review outgoing transfer activity and verify customer purpose.
GRAPH-PATTERN-000215,HIGH_OUTBOUND_TRANSFER_HUB,ACC000229,,CUST000356,,2,2659.46,2536.68,38.77,One account sends funds to many destinations or sends unusually high total transfer value.,Review outgoing transfer activity and verify customer purpose.
GRAPH-PATTERN-000216,HIGH_OUTBOUND_TRANSFER_HUB,ACC000533,,CUST000423,,2,2520.2,2476.72,38.68,One account sends funds to many destinations or sends unusually high total transfer value.,Review outgoing transfer activity and verify customer purpose.
GRAPH-PATTERN-000217,HIGH_OUTBOUND_TRANSFER_HUB,ACC000037,,CUST000687,,2,2493.44,2431.81,38.66,One account sends funds to many destinations or sends unusually high total transfer value.,Review outgoing transfer activity and verify customer purpose.
GRAPH-PATTERN-000218,HIGH_OUTBOUND_TRANSFER_HUB,ACC000572,,CUST000206,,1,3736.89,3736.89,38.49,One account sends funds to many destinations or sends unusually high total transfer value.,Review outgoing transfer activity and verify customer purpose.
GRAPH-PATTERN-000219,HIGH_OUTBOUND_TRANSFER_HUB,ACC000390,,CUST000622,,1,3685.79,3685.79,38.46,One account sends funds to many destinations or sends unusually high total transfer value.,Review outgoing transfer activity and verify customer purpose.
GRAPH-PATTERN-000220,HIGH_OUTBOUND_TRANSFER_HUB,ACC000040,,CUST000225,,1,3577.06,3577.06,38.38,One account sends funds to many destinations or sends unusually high total transfer value.,Review outgoing transfer activity and verify customer purpose.
GRAPH-PATTERN-000221,HIGH_OUTBOUND_TRANSFER_HUB,ACC000056,,CUST000922,,1,3077.58,3077.58,38.05,One account sends funds to many destinations or sends unusually high total transfer value.,Review outgoing transfer activity and verify customer purpose.
GRAPH-PATTERN-000222,HIGH_OUTBOUND_TRANSFER_HUB,ACC001195,,CUST000851,,1,2879.68,2879.68,37.92,One account sends funds to many destinations or sends unusually high total transfer value.,Review outgoing transfer activity and verify customer purpose.
GRAPH-PATTERN-000223,HIGH_OUTBOUND_TRANSFER_HUB,ACC000408,,CUST000935,,1,2761.76,2761.76,37.84,One account sends funds to many destinations or sends unusually high total transfer value.,Review outgoing transfer activity and verify customer purpose.
