customer_id,full_name,customer_segment,customer_country,transaction_count,ml_alert_count,ml_anomaly_count,average_ml_anomaly_score,max_anomaly_score_percentile,average_rule_based_risk_score,max_rule_based_risk_score,total_amount,max_amount,suspicious_label_count,customer_ml_review_priority
CUST000692,Maya Patel,SME,Turkey,9,2,2,-0.0256,100.0,50.89,81,5687.82,5413.59,7,P1
CUST000527,Grace Hussain,SME,Turkey,11,5,2,-0.0163,99.99,44.0,79,12557.09,4695.25,5,P1
CUST000993,Aisha Thomas,SME,India,9,6,3,-0.0049,99.98,49.89,81,358.86,84.65,5,P1
CUST000066,Aisha Clarke,SME,Canada,6,1,1,-0.0403,99.97,32.17,77,8436.6,8166.93,1,P1
CUST000947,Amelia Brown,SME,France,5,2,2,-0.015,99.96,54.6,87,4410.89,3122.2,3,P1
CUST000163,James Miller,Corporate,United Arab Emirates,10,4,3,-0.0102,99.95,60.2,100,679.51,234.56,10,P1
CUST000044,Lucas Walker,Retail,Pakistan,6,3,2,-0.0094,99.94,54.5,97,8251.42,7977.41,4,P1
CUST000146,Adam Patel,Retail,Turkey,9,3,2,-0.034,99.93,40.33,71,1180.17,826.9,4,P1
CUST000662,Ali Taylor,Retail,Pakistan,11,3,1,-0.0429,99.92,32.64,84,537.29,112.71,3,P1
CUST000583,Fatima Wilson,Retail,Turkey,5,1,1,-0.0414,99.9,46.6,63,554.79,164.85,2,P1
CUST000785,Leo Hall,SME,Germany,5,2,1,-0.0154,99.89,53.4,91,3280.99,2378.49,3,P1
CUST000809,Aisha Hall,SME,United Kingdom,11,4,4,-0.0185,99.88,46.18,63,692.63,191.2,7,P1
CUST000187,Lucas Ahmed,SME,Pakistan,11,5,3,-0.0235,99.87,25.64,58,879.15,187.74,1,P1
CUST000889,Isabella Miller,SME,India,8,2,1,-0.0306,99.86,52.5,100,1505.73,862.24,6,P1
CUST000267,Oliver Davies,Corporate,India,10,3,2,-0.0303,99.85,18.0,38,585.76,348.08,0,P1
CUST000529,Fatima Ali,Private Banking,United States,9,1,1,-0.0381,99.84,46.89,100,9040.18,8682.63,4,P1
CUST000550,Mia Thomas,Corporate,Singapore,10,2,1,-0.0486,99.83,32.1,61,4955.68,4674.42,2,P1
CUST000497,Grace Ahmed,Retail,Nigeria,14,3,2,-0.0466,99.82,53.14,100,2803.07,2194.93,9,P1
CUST000975,Ethan Patel,SME,Nigeria,13,4,3,-0.0283,99.81,38.77,66,472.42,109.38,5,P1
CUST000629,Sophia Miller,Retail,Turkey,8,2,2,-0.0332,99.8,46.38,76,3379.89,2929.16,4,P1
CUST000760,James Robinson,SME,Nigeria,10,7,4,-0.0055,99.79,66.7,98,631.94,144.44,10,P1
CUST000390,Ethan Robinson,Retail,Nigeria,11,4,2,-0.0408,99.78,43.64,100,4131.31,3378.92,4,P1
CUST000380,Adam Hussain,SME,India,18,5,2,-0.0381,99.77,34.33,98,3230.7,1966.98,5,P1
CUST000240,Isabella Hall,Private Banking,Italy,12,3,2,-0.0338,99.76,48.33,76,5775.87,4979.68,7,P1
CUST000281,Leo Hall,Retail,India,13,3,1,-0.0579,99.75,34.62,100,11787.06,6027.37,3,P1
CUST000120,Daniel Green,SME,Nigeria,11,7,3,-0.015,99.74,42.73,66,6544.06,3700.55,6,P1
CUST000631,Lucas Wright,Retail,Nigeria,8,2,2,-0.0246,99.73,71.38,98,310.34,116.92,8,P1
CUST000253,Sophia Clarke,Retail,Pakistan,9,3,2,-0.0322,99.72,43.78,59,9157.85,8603.35,4,P1
CUST000786,Leo Jones,Corporate,United Kingdom,12,2,2,-0.0403,99.71,33.92,83,8157.07,7726.72,2,P1
CUST000246,Adam Davies,SME,Turkey,7,3,1,-0.0246,99.7,29.86,56,248.59,72.7,2,P1
CUST000728,Lucas Davies,Corporate,Canada,6,3,2,-0.0159,99.69,33.83,96,2934.37,2617.46,1,P1
CUST000489,Aisha Brown,Private Banking,Italy,15,1,1,-0.0613,99.68,26.27,73,1038.31,116.0,1,P1
CUST000069,Leo Wright,Retail,Nigeria,13,4,4,-0.0204,99.67,64.15,81,569.08,92.26,13,P1
CUST000302,Noah Wright,Private Banking,Netherlands,9,1,1,-0.0376,99.66,45.44,77,420.8,102.61,6,P1
CUST000989,Zara Jones,SME,United States,13,6,1,-0.0294,99.65,47.31,63,3669.89,2642.79,9,P1
CUST000946,Adam Khan,Retail,Turkey,7,1,1,-0.0532,99.64,39.86,61,359.54,153.49,5,P1
CUST000681,Fatima Walker,Retail,Turkey,5,1,1,-0.0304,99.63,55.2,100,370.66,199.05,2,P1
CUST000236,Aisha Green,Retail,Canada,14,1,1,-0.068,99.62,31.64,67,3132.19,2394.74,3,P1
CUST000124,Daniel Hall,Retail,Nigeria,13,1,1,-0.0562,99.61,41.31,62,497.02,126.42,6,P1
CUST000053,James Wilson,SME,India,14,3,2,-0.0343,99.6,30.79,52,8372.17,3964.83,4,P1
CUST000333,Maya Green,Corporate,France,8,3,3,-0.0097,99.59,58.12,100,4986.38,3007.36,6,P1
CUST000860,Sophia Green,Retail,Turkey,12,10,4,-0.0025,99.58,80.67,100,587.95,191.12,5,P1
CUST000953,Aisha Green,SME,Pakistan,13,4,2,-0.0426,99.57,32.46,72,3039.05,1833.84,2,P1
CUST000725,Ethan Young,Corporate,India,10,5,4,-0.0062,99.56,47.3,77,6111.12,3023.08,5,P1
CUST000699,Leo Young,SME,Turkey,7,3,2,-0.0156,99.55,60.86,81,860.82,316.5,6,P1
CUST000688,Oliver Clarke,Retail,Turkey,10,3,1,-0.0473,99.54,45.6,76,16025.08,11230.78,5,P1
CUST000185,Oliver Clarke,Private Banking,Nigeria,12,6,3,-0.0203,99.53,50.5,67,808.26,492.17,9,P1
CUST000299,Oliver Hussain,SME,Canada,12,3,2,-0.0432,99.52,34.25,72,7057.53,6083.95,4,P1
CUST000279,Grace Hussain,Retail,Spain,9,1,1,-0.0762,99.51,30.67,77,6233.91,5503.71,2,P1
CUST000759,Ethan Smith,SME,Canada,11,1,1,-0.0693,99.5,33.36,100,3333.92,2562.11,2,P1
CUST000741,Grace Wright,Retail,Turkey,8,1,1,-0.0323,99.49,81.5,100,528.57,195.25,4,P1
CUST000560,Zara Green,SME,Pakistan,11,4,2,-0.0319,99.48,33.0,93,3493.15,2970.97,3,P1
CUST000188,Leo Davies,Retail,Nigeria,12,3,2,-0.0398,99.47,48.42,100,13854.48,13347.15,8,P1
CUST000178,Grace Davies,SME,India,17,7,5,-0.0248,99.45,34.18,81,12567.59,8184.43,6,P1
CUST000914,Mia Hall,Private Banking,Turkey,12,5,4,-0.0176,99.44,43.33,79,7299.77,4056.03,5,P1
CUST000752,Mia Young,Corporate,United States,11,4,3,-0.0194,99.43,47.27,68,5000.69,4390.9,7,P1
CUST000758,Grace Smith,SME,India,9,1,1,-0.0508,99.42,16.44,34,470.12,166.57,0,P1
CUST000608,Lucas Walker,SME,Netherlands,17,1,1,-0.0607,99.41,28.35,83,1676.16,1056.26,4,P1
CUST000493,Adam Ahmed,Retail,Nigeria,12,3,2,-0.0331,99.4,49.08,100,2519.3,2219.1,7,P1
CUST000902,Zara Khan,Retail,Nigeria,13,3,2,-0.0455,99.39,44.92,100,609.21,209.47,7,P1
CUST000480,Leo Davies,Corporate,Turkey,9,2,2,-0.0165,99.38,49.33,71,397.55,118.92,7,P1
CUST000396,Zara Miller,Private Banking,Spain,6,1,1,-0.0333,99.37,27.33,67,453.85,195.8,1,P1
CUST000573,Hannah Clarke,Retail,Turkey,10,4,2,-0.0338,99.36,45.9,73,4699.99,4284.29,5,P1
CUST000580,Muhammad Ali,Retail,India,13,6,2,-0.0257,99.35,67.15,100,775.22,159.99,13,P1
CUST000013,Leo Hussain,SME,Turkey,12,3,3,-0.0363,99.33,41.25,57,603.86,107.06,7,P1
CUST000426,Aisha Wright,Retail,Turkey,16,3,2,-0.0461,99.32,43.12,71,743.53,298.69,7,P1
CUST000884,Oliver Thomas,Retail,Singapore,9,1,1,-0.0686,99.31,34.89,83,397.34,96.34,3,P1
CUST000862,Sophia Ali,Retail,India,7,4,4,-0.0116,99.3,68.29,100,324.25,104.07,7,P1
CUST000088,Muhammad Wright,Retail,Turkey,11,1,1,-0.0525,99.29,44.55,66,658.9,263.51,7,P1
CUST000307,Ethan Robinson,Private Banking,United Arab Emirates,12,4,3,-0.0329,99.28,21.92,61,6795.89,4201.53,3,P1
CUST000976,Muhammad Young,SME,Turkey,11,4,4,-0.0215,99.27,45.55,75,4963.3,4270.4,5,P1
CUST000355,Aisha Taylor,Retail,France,9,2,1,-0.0611,99.26,39.0,73,6965.12,6232.48,3,P1
CUST000514,Leo Hall,Retail,Pakistan,11,4,4,-0.0263,99.24,77.45,100,4153.78,2127.91,4,P1
CUST000194,Grace Young,SME,Nigeria,9,3,1,-0.0348,99.23,42.33,79,3277.12,2884.58,4,P1
CUST000453,Mia Wilson,Retail,India,11,1,1,-0.0684,99.2,22.0,55,432.11,85.1,0,P1
CUST000733,Maya Taylor,SME,Nigeria,5,3,2,-0.0161,99.19,49.2,66,7393.29,7235.37,3,P1
CUST000519,Oliver Thomas,Retail,Turkey,8,3,3,-0.0209,99.18,71.38,100,4082.76,3561.53,8,P1
CUST000177,Lucas Wright,Corporate,Italy,12,1,1,-0.052,99.16,32.33,61,5212.18,3039.91,3,P1
CUST000109,Muhammad Ali,Retail,Germany,17,1,1,-0.0798,99.14,26.47,61,604.44,85.15,4,P1
CUST000285,Aisha Miller,SME,United Arab Emirates,8,3,2,-0.0232,99.13,50.88,96,7236.48,6685.26,4,P1
CUST000016,James Taylor,SME,Spain,6,1,1,-0.0341,99.12,56.0,91,401.0,118.75,4,P1
CUST000151,Ali Wilson,Retail,United Arab Emirates,10,6,3,-0.0147,99.09,68.6,100,374.19,110.85,10,P1
CUST000932,Maya Patel,Retail,Pakistan,12,1,1,-0.0633,99.07,26.17,61,3781.06,3262.51,2,P1
CUST000806,Lucas Ali,Retail,Turkey,6,2,2,-0.0436,99.05,33.5,51,4924.87,4694.72,2,P1
CUST000630,Isabella Taylor,SME,Canada,10,2,1,-0.062,99.04,25.9,60,634.66,133.76,1,P1
CUST000536,Sophia Wilson,Retail,United States,8,3,2,-0.0154,99.03,78.12,100,205.03,87.28,8,P1
CUST000347,Noah Smith,SME,United Kingdom,8,1,1,-0.0435,99.02,48.25,72,544.79,263.1,4,P1
CUST000376,Oliver Smith,Retail,Singapore,10,2,2,-0.0378,99.01,56.3,76,11223.03,5840.77,8,P1
CUST000978,Fatima Patel,Retail,Germany,14,1,1,-0.0779,99.0,26.43,72,7998.44,7231.2,1,P1
CUST000679,Hannah Taylor,Retail,Nigeria,13,5,3,-0.017,98.99,84.69,100,336.67,102.46,6,P2
CUST000966,Hannah Taylor,SME,Spain,12,3,3,-0.0512,98.98,24.33,66,343.49,88.78,2,P2
CUST000067,Aisha Wright,Corporate,Nigeria,4,3,2,-0.0091,98.96,42.5,57,642.4,332.44,1,P2
CUST000590,Muhammad Davies,Retail,India,14,1,1,-0.0734,98.94,26.79,61,4106.51,3239.52,4,P2
CUST000714,Maya Thomas,Retail,Singapore,13,2,1,-0.0731,98.92,29.31,72,4099.88,3354.7,2,P2
CUST000068,Ali Robinson,SME,Singapore,11,1,1,-0.0514,98.91,32.64,79,402.76,86.63,1,P2
CUST000266,Ali Wright,Corporate,Germany,11,4,3,-0.0418,98.89,34.0,71,2349.77,1558.32,5,P2
CUST000628,Fatima Wilson,Corporate,Canada,9,2,1,-0.0492,98.88,23.0,53,612.81,158.62,1,P2
CUST000462,Amelia Clarke,Retail,India,11,2,1,-0.0711,98.87,33.64,66,4322.03,3930.33,3,P2
CUST000139,Hannah Patel,Retail,Turkey,8,2,1,-0.0429,98.86,55.75,62,1138.13,811.03,7,P2
CUST000322,Mia Ahmed,Retail,Singapore,9,1,1,-0.0603,98.85,54.89,100,2110.6,1724.57,9,P2
CUST000836,Adam Ahmed,Private Banking,Spain,12,2,1,-0.0465,98.83,22.92,44,6675.77,5762.29,1,P2
CUST000072,Leo Ahmed,Retail,Pakistan,12,2,2,-0.0399,98.82,47.67,90,808.2,286.43,7,P2
CUST000332,Hannah Patel,SME,Canada,8,2,1,-0.0606,98.81,23.38,34,582.79,134.76,0,P2
CUST000161,Noah Brown,SME,India,6,2,2,-0.0357,98.8,37.0,62,2783.23,2608.3,3,P2
CUST000674,Maya Ahmed,SME,France,11,3,2,-0.0367,98.79,41.91,63,691.46,257.99,6,P2
CUST000369,James Davies,Corporate,Pakistan,12,5,3,-0.0225,98.78,28.83,55,621.97,236.09,2,P2
CUST000372,Adam Smith,Retail,Turkey,11,1,1,-0.0492,98.76,44.45,57,4326.65,3900.45,8,P2
CUST000754,Lucas Khan,Retail,Turkey,13,2,1,-0.0515,98.74,47.85,100,2295.64,689.11,8,P2
CUST000422,Muhammad Young,Retail,Turkey,6,2,1,-0.0423,98.73,28.0,33,296.8,94.93,0,P2
CUST000384,Isabella Wright,Retail,Italy,9,1,1,-0.0738,98.72,32.44,89,2224.84,1863.19,3,P2
CUST000099,Hannah Hussain,Retail,Nigeria,10,1,1,-0.06,98.71,34.7,56,5455.74,4700.82,2,P2
CUST000180,Maya Smith,Corporate,Nigeria,11,3,1,-0.0292,98.7,37.09,56,1186.03,795.43,3,P2
CUST000182,James Jones,Retail,Canada,11,1,1,-0.0722,98.67,29.82,61,568.65,110.38,2,P2
CUST000330,Aisha Hussain,Retail,Singapore,6,1,1,-0.0764,98.65,37.0,51,2073.52,1807.03,3,P2
CUST000890,Aisha Robinson,SME,Italy,8,1,1,-0.0525,98.64,27.62,62,644.22,245.71,1,P2
CUST000780,Lucas Smith,Corporate,France,13,1,1,-0.0568,98.63,33.54,67,447.5,96.48,3,P2
CUST000696,Maya Hall,Retail,Spain,13,2,1,-0.066,98.62,36.15,71,2001.89,1601.06,5,P2
CUST000954,Amelia Wilson,Retail,Nigeria,9,1,1,-0.0319,98.61,45.56,71,825.07,396.12,5,P2
CUST000942,Fatima Thomas,SME,Turkey,19,10,8,-0.0224,98.6,42.47,71,726.69,120.11,7,P2
CUST000846,Ali Jones,Retail,United Arab Emirates,7,1,1,-0.055,98.58,49.86,93,242.72,84.48,3,P2
CUST000293,James Walker,Retail,Pakistan,12,3,2,-0.0578,98.57,30.92,75,11087.29,6902.58,1,P2
CUST000791,Grace Wright,Retail,United Arab Emirates,9,3,2,-0.0434,98.55,45.89,89,18465.05,15160.92,5,P2
CUST000328,Adam Miller,Corporate,Spain,11,2,1,-0.0315,98.53,55.27,100,5944.19,5698.9,7,P2
CUST000974,Zara Brown,Retail,Pakistan,13,1,1,-0.0484,98.51,47.31,82,750.31,250.5,8,P2
CUST000113,Sophia Young,Private Banking,Italy,10,2,1,-0.0519,98.47,25.2,43,446.73,92.57,0,P2
CUST000255,Sophia Robinson,SME,France,12,2,1,-0.0628,98.46,31.42,51,3620.85,2956.9,2,P2
CUST000771,Muhammad Ali,Private Banking,Netherlands,14,3,2,-0.0502,98.45,27.5,48,1374.82,333.79,2,P2
CUST000213,Daniel Smith,SME,India,13,5,4,-0.0232,98.44,47.46,91,993.6,398.76,7,P2
CUST000345,Mia Brown,SME,Spain,12,1,1,-0.0619,98.43,18.92,48,848.26,237.72,2,P2
CUST000512,Muhammad Smith,SME,Italy,8,2,1,-0.0402,98.41,17.0,43,721.49,291.22,0,P2
CUST000851,Maya Wilson,Corporate,Turkey,6,4,3,-0.0114,98.39,52.5,73,10457.65,9362.75,2,P2
CUST000952,Ali Hussain,Corporate,India,16,7,4,-0.0295,98.38,18.19,34,3320.32,2663.2,0,P2
CUST000183,Zara Ahmed,SME,Singapore,11,2,1,-0.0541,98.37,31.55,66,608.26,195.86,3,P2
CUST000011,Noah Ahmed,Retail,Nigeria,16,3,3,-0.0457,98.36,40.38,71,676.52,168.94,8,P2
CUST000772,Daniel Robinson,Retail,India,13,2,2,-0.0545,98.35,26.69,52,1003.64,334.46,2,P2
CUST000562,Daniel Thomas,SME,United Arab Emirates,16,3,2,-0.049,98.34,26.88,79,672.22,101.85,2,P2
CUST000339,Daniel Patel,Retail,Pakistan,13,1,1,-0.0621,98.32,29.15,61,7457.13,6530.81,2,P2
CUST000375,Daniel Brown,Retail,Nigeria,17,4,2,-0.0454,98.3,46.41,88,10572.66,4624.73,10,P2
CUST000059,Noah Wilson,SME,Spain,9,2,2,-0.058,98.29,30.11,66,8965.84,5149.05,3,P2
CUST000598,Leo Thomas,Corporate,India,14,6,3,-0.0242,98.28,25.0,48,774.46,241.88,1,P2
CUST000705,Fatima Taylor,Retail,Turkey,14,4,2,-0.0438,98.26,46.14,71,9013.79,8097.29,8,P2
CUST000996,Grace Wright,Private Banking,United Arab Emirates,12,4,2,-0.0294,98.25,31.67,60,428.29,118.24,2,P2
CUST000412,Oliver Green,Retail,Netherlands,14,2,2,-0.0405,98.24,70.21,100,8043.83,7105.88,3,P2
CUST000486,Isabella Khan,Retail,Nigeria,15,5,2,-0.0366,98.23,65.73,93,822.26,156.93,13,P2
CUST000990,Oliver Smith,SME,India,6,3,2,-0.0377,98.22,30.17,55,417.4,175.36,0,P2
CUST000764,Grace Ali,SME,Turkey,8,3,2,-0.0299,98.2,53.0,66,282.22,97.11,6,P2
CUST000999,Daniel Robinson,Retail,Spain,11,2,1,-0.0602,98.18,49.73,100,4100.25,3606.42,6,P2
CUST000879,Fatima Hussain,Retail,Turkey,14,5,3,-0.0323,98.17,67.29,100,4644.88,4043.21,14,P2
CUST000353,Oliver Hussain,SME,Nigeria,11,5,1,-0.0228,98.15,44.36,100,1007.42,298.78,6,P2
CUST000750,Ali Khan,SME,France,11,2,2,-0.0397,98.14,29.45,73,1472.43,855.82,1,P2
CUST000201,Grace Taylor,Retail,United Arab Emirates,9,1,1,-0.0614,98.13,38.11,83,6812.3,3572.5,1,P2
CUST000933,Lucas Wright,Corporate,Pakistan,12,4,1,-0.0471,98.11,20.33,48,647.23,274.12,1,P2
CUST000910,Mia Brown,Retail,Turkey,11,5,4,-0.0215,98.1,65.64,87,2325.33,1856.11,11,P2
CUST000316,Zara Ali,Retail,United States,13,1,1,-0.0776,98.07,38.23,73,3263.79,2686.17,5,P2
CUST000458,Grace Green,Retail,India,6,1,1,-0.0694,98.06,34.33,66,6011.8,5763.3,3,P2
CUST000346,Adam Clarke,Retail,Turkey,8,2,1,-0.0454,98.05,53.25,71,4210.64,3626.83,6,P2
CUST000365,Isabella Jones,SME,Nigeria,13,5,2,-0.0299,98.04,39.15,67,642.25,126.07,5,P2
CUST000593,Adam Jones,Corporate,Pakistan,13,5,1,-0.0308,98.03,32.23,66,3443.19,2622.4,4,P2
CUST000997,Ethan Young,SME,France,14,1,1,-0.0694,98.02,25.29,79,3156.69,2392.5,3,P2
CUST000620,Aisha Jones,Corporate,Canada,13,1,1,-0.0508,98.01,24.23,56,718.28,217.88,3,P2
CUST000713,Ali Clarke,SME,United Kingdom,11,1,1,-0.0536,98.0,42.36,93,720.32,220.89,4,P2
CUST000925,Amelia Brown,Retail,Nigeria,12,3,1,-0.0514,97.99,43.58,66,1340.36,843.66,7,P2
CUST000792,Noah Khan,Retail,Canada,16,2,2,-0.0593,97.96,46.5,68,611.53,132.13,10,P2
CUST000977,Fatima Ahmed,Retail,Pakistan,11,3,1,-0.0493,97.95,23.73,44,968.7,285.49,2,P2
CUST000419,Sophia Thomas,Retail,Netherlands,16,2,2,-0.0682,97.94,52.94,97,6751.08,6024.79,10,P2
CUST000513,Daniel Taylor,SME,Italy,8,2,2,-0.0379,97.92,37.75,66,475.54,243.6,3,P2
CUST000627,Daniel Taylor,SME,Germany,5,1,1,-0.0292,97.87,67.0,83,313.93,268.41,0,P2
CUST000778,James Jones,Corporate,United Arab Emirates,10,3,2,-0.0344,97.86,17.7,44,374.76,88.04,1,P2
CUST000859,Daniel Jones,SME,Turkey,8,2,2,-0.0271,97.85,48.5,66,2551.19,2026.14,7,P2
CUST001000,Hannah Hussain,Private Banking,Germany,12,2,2,-0.0386,97.84,43.42,88,872.85,196.66,1,P2
CUST000732,Amelia Hall,SME,France,17,2,1,-0.0536,97.83,34.29,87,6873.69,5843.08,4,P2
CUST000537,Lucas Walker,SME,India,10,2,2,-0.048,97.78,36.0,93,729.51,295.43,3,P2
CUST000826,Fatima Ahmed,SME,United States,14,3,2,-0.0482,97.77,29.71,55,4413.85,3919.62,3,P2
CUST000962,Noah Wilson,Retail,Pakistan,12,3,2,-0.0452,97.76,39.25,73,615.01,128.72,3,P2
CUST000702,Sophia Khan,Retail,United Arab Emirates,11,2,2,-0.0514,97.74,38.27,83,4001.43,1669.54,4,P2
CUST000748,Daniel Khan,Retail,France,12,1,1,-0.0789,97.73,36.67,100,5325.64,2150.66,2,P2
CUST000755,Hannah Ahmed,SME,Nigeria,16,4,1,-0.0363,97.72,45.69,100,633.11,105.65,10,P2
CUST000721,Sophia Wilson,Corporate,Canada,11,2,2,-0.0402,97.71,26.0,66,491.89,143.83,1,P2
CUST000900,Ethan Ahmed,SME,Singapore,14,2,1,-0.0524,97.7,40.14,63,737.39,428.32,5,P2
CUST000892,Ethan Smith,Corporate,United Kingdom,8,1,1,-0.0539,97.64,29.88,56,820.01,327.15,2,P2
CUST000987,Zara Ali,Retail,Netherlands,8,1,1,-0.0707,97.61,33.25,69,493.02,249.73,1,P2
CUST000145,Adam Ahmed,Retail,Pakistan,10,2,2,-0.0578,97.59,34.7,58,3351.73,2890.24,1,P2
CUST000742,Grace Ali,Retail,France,9,3,2,-0.0621,97.56,33.44,67,305.88,79.59,2,P2
CUST000834,Maya Davies,SME,Turkey,5,3,1,-0.0222,97.54,54.6,66,112.38,36.61,3,P2
CUST000358,Muhammad Wilson,Retail,Italy,5,1,1,-0.0751,97.52,24.2,38,161.97,73.89,0,P2
CUST000871,Oliver Wilson,Retail,United States,16,1,1,-0.0793,97.51,34.12,79,1129.51,550.23,3,P2
CUST000156,Aisha Patel,Retail,Canada,15,2,2,-0.0789,97.49,30.8,98,9836.62,9146.82,5,P2
CUST000474,Amelia Young,Retail,Turkey,13,2,1,-0.0475,97.48,39.0,71,1090.58,305.4,5,P2
CUST000010,Hannah Ahmed,Retail,Turkey,8,1,1,-0.0492,97.46,48.75,71,734.78,444.71,5,P2
CUST000423,Mia Thomas,SME,Singapore,6,2,1,-0.0409,97.45,47.0,81,257.32,101.69,2,P2
CUST000508,Hannah Walker,Retail,Pakistan,9,1,1,-0.065,97.44,32.67,78,1475.75,644.45,0,P2
CUST000810,Grace Taylor,Corporate,India,7,4,1,-0.0165,97.4,32.57,61,4404.83,4220.8,3,P2
CUST000948,Grace Young,Retail,Singapore,15,2,1,-0.0658,97.39,51.27,85,928.86,232.3,11,P2
CUST000404,Leo Young,Retail,Turkey,8,2,1,-0.0436,97.38,50.25,61,683.63,243.91,6,P2
CUST000089,Adam Wright,SME,France,11,2,1,-0.0484,97.37,27.18,79,655.75,222.37,1,P2
CUST000400,Amelia Jones,Private Banking,United Kingdom,12,2,1,-0.0563,97.36,28.17,61,3871.2,3489.46,3,P2
CUST000904,Daniel Hussain,Private Banking,Pakistan,8,2,1,-0.0381,97.35,20.25,48,1054.99,665.92,0,P2
CUST000141,Mia Green,Corporate,Netherlands,12,3,1,-0.0546,97.33,25.75,57,750.02,276.89,2,P2
CUST000205,Adam Brown,Corporate,United Kingdom,10,1,1,-0.0467,97.29,26.0,57,461.26,94.31,1,P2
CUST000957,Daniel Ali,Retail,India,11,1,1,-0.066,97.28,37.91,83,870.62,262.11,3,P2
CUST000501,Ali Wright,Retail,Italy,10,1,1,-0.0848,97.26,24.1,43,4323.18,3552.18,0,P2
CUST000878,Zara Ali,SME,India,11,3,3,-0.0332,97.25,31.82,66,3729.01,2668.49,3,P2
CUST000777,Grace Ahmed,Retail,Italy,7,1,1,-0.0666,97.23,30.71,86,9598.69,5031.09,2,P2
CUST000549,Maya Smith,Retail,Nigeria,12,3,3,-0.0315,97.22,63.67,100,975.63,199.63,12,P2
CUST000830,Amelia Hall,Retail,Singapore,17,2,1,-0.0712,97.19,49.65,100,1092.91,237.69,9,P2
CUST000722,Sophia Davies,SME,United States,8,1,1,-0.0636,97.17,34.38,68,864.86,280.21,0,P2
CUST000651,Fatima Robinson,Corporate,United Kingdom,8,3,2,-0.0412,97.15,22.12,38,352.53,119.99,0,P2
CUST000797,Adam Wright,Corporate,Pakistan,11,6,1,-0.0277,97.12,33.36,93,673.84,204.19,3,P2
CUST000274,Ethan Patel,Retail,United Kingdom,9,1,1,-0.0495,97.11,46.78,81,232.88,85.55,5,P2
CUST000378,Muhammad Hussain,Retail,Pakistan,14,3,2,-0.0514,97.1,22.21,88,990.92,372.16,1,P2
CUST000698,Leo Jones,SME,Nigeria,9,1,1,-0.0386,97.07,37.89,66,4054.32,3631.73,3,P2
CUST000918,Oliver Patel,Retail,France,9,1,1,-0.077,97.05,29.44,66,5873.99,5452.59,2,P2
CUST000317,Muhammad Clarke,Retail,United Kingdom,7,1,1,-0.0477,97.04,29.14,53,445.95,177.78,1,P2
CUST000761,James Wright,Retail,Nigeria,7,2,1,-0.0412,97.02,51.29,66,8997.68,6955.0,6,P2
CUST000305,Ethan Khan,Corporate,United Kingdom,9,3,2,-0.0406,97.01,28.33,61,2841.47,2516.75,2,P2
CUST000034,Isabella Ahmed,Retail,Pakistan,8,1,1,-0.0649,96.98,29.62,93,2650.26,2209.35,2,P2
CUST000331,Lucas Jones,SME,United Kingdom,10,2,1,-0.0562,96.97,32.5,62,10542.49,5987.06,2,P2
CUST000154,Aisha Ali,Retail,Italy,15,3,1,-0.0708,96.96,33.13,61,918.48,223.48,5,P2
CUST000484,Noah Wright,SME,Germany,12,3,2,-0.0328,96.93,48.17,76,4448.59,3544.79,6,P2
CUST000540,Oliver Ali,Retail,Spain,13,1,1,-0.0601,96.9,41.0,64,591.73,106.9,7,P2
CUST000850,Mia Brown,Retail,Turkey,18,3,2,-0.0411,96.89,56.72,77,913.83,210.52,17,P2
CUST000979,Isabella Ahmed,SME,Canada,7,1,1,-0.0519,96.87,24.29,33,338.06,112.85,0,P2
CUST000617,Isabella Walker,Retail,Spain,12,1,1,-0.0675,96.86,53.42,100,438.84,135.8,8,P2
CUST000026,James Hall,SME,United Arab Emirates,9,2,1,-0.0365,96.85,43.44,98,4569.63,4077.2,4,P2
CUST000126,Amelia Khan,Retail,Turkey,11,1,1,-0.0631,96.84,38.64,62,878.29,348.64,5,P2
CUST000032,Amelia Brown,SME,Turkey,9,4,1,-0.0253,96.82,47.11,100,1589.96,891.68,4,P2
CUST000853,Isabella Walker,SME,Turkey,16,4,2,-0.0267,96.81,44.0,78,769.99,236.05,7,P2
CUST000528,Zara Ahmed,Retail,United Arab Emirates,6,2,2,-0.0454,96.79,28.33,39,192.54,54.09,0,P2
CUST000318,Leo Khan,Private Banking,United Arab Emirates,10,3,2,-0.0384,96.77,23.4,43,929.16,404.07,0,P2
CUST000935,Grace Young,Retail,India,11,1,1,-0.0536,96.75,31.0,57,781.45,177.58,2,P2
CUST000591,Ali Hall,Retail,Pakistan,16,7,2,-0.0293,96.72,58.25,88,7983.63,7100.62,16,P2
CUST000895,Daniel Clarke,Retail,Canada,17,1,1,-0.0774,96.67,28.65,76,5980.36,5300.53,4,P2
CUST000047,Aisha Smith,Retail,United Arab Emirates,16,2,1,-0.0648,96.65,30.81,66,1251.32,254.41,2,P2
CUST000062,Adam Brown,SME,Singapore,9,1,1,-0.0753,96.61,27.33,48,486.63,120.74,1,P2
CUST000718,Zara Walker,Corporate,United States,14,2,1,-0.0478,96.6,26.57,62,3637.3,2844.27,2,P2
CUST000998,Mia Clarke,Retail,United Arab Emirates,14,2,1,-0.0517,96.56,35.0,57,4041.43,3528.85,5,P2
CUST000225,Fatima Davies,Retail,India,10,2,2,-0.0513,96.55,32.1,56,498.29,216.01,3,P2
CUST000050,Adam Wright,Retail,Turkey,9,3,1,-0.0333,96.54,58.78,76,298.83,57.88,9,P2
CUST000888,Adam Wright,Private Banking,Netherlands,11,2,1,-0.0469,96.53,33.55,56,740.39,150.24,4,P2
CUST000782,Grace Robinson,SME,Singapore,11,1,1,-0.0541,96.51,29.91,66,2443.82,1985.17,2,P2
CUST000574,Daniel Walker,SME,India,15,3,1,-0.0478,96.48,23.0,43,1056.92,231.92,0,P2
CUST000181,Leo Davies,Retail,Turkey,7,2,1,-0.0521,96.46,51.57,97,169.81,45.71,6,P2
CUST000734,Mia Brown,SME,Germany,9,1,1,-0.0629,96.43,28.33,56,347.9,109.57,1,P2
CUST000430,Ali Taylor,Retail,India,10,2,2,-0.0639,96.42,46.3,94,1007.17,400.26,1,P2
CUST000973,Lucas Ahmed,Retail,Pakistan,8,1,1,-0.062,96.41,34.88,73,322.43,84.83,1,P2
CUST000665,Ethan Smith,Retail,Pakistan,6,2,1,-0.0419,96.39,36.67,53,836.83,543.66,2,P2
CUST000992,Amelia Patel,Private Banking,United Arab Emirates,9,1,1,-0.0404,96.38,24.11,65,606.19,221.12,0,P2
CUST000533,Fatima Jones,Retail,Spain,4,2,1,-0.0463,96.33,39.5,63,120.77,56.01,1,P2
CUST000042,Grace Green,Retail,Singapore,14,1,1,-0.0689,96.32,50.0,100,6379.42,5421.43,8,P2
CUST000354,Noah Wilson,Retail,Nigeria,7,1,1,-0.0409,96.31,37.71,52,208.74,54.0,2,P2
CUST000024,Oliver Ali,Retail,United Kingdom,11,1,1,-0.066,96.3,24.18,44,3256.72,2711.76,2,P2
CUST000804,Mia Ahmed,SME,Singapore,15,3,1,-0.0536,96.27,32.2,61,4286.76,3445.22,4,P2
CUST000478,Fatima Ahmed,Retail,Pakistan,15,3,2,-0.0534,96.26,26.27,60,3788.51,3190.95,3,P2
CUST000972,James Green,Retail,Canada,7,1,1,-0.0821,96.24,21.14,39,780.67,511.77,0,P2
CUST000087,Oliver Davies,Retail,Nigeria,15,3,1,-0.0523,96.22,39.0,67,851.32,208.27,7,P2
CUST000077,Noah Jones,Retail,Pakistan,13,3,2,-0.0366,96.21,69.08,100,861.35,367.21,2,P2
CUST000738,Muhammad Clarke,SME,Spain,6,2,2,-0.0351,96.19,76.0,100,227.48,70.46,1,P2
CUST000769,Muhammad Patel,Retail,India,11,1,1,-0.0652,96.18,33.0,56,565.84,119.99,2,P2
CUST000117,Adam Smith,SME,Canada,8,1,1,-0.0425,96.17,44.25,68,508.01,156.78,3,P2
CUST000386,Ali Miller,Retail,Italy,10,3,1,-0.0378,96.16,54.7,93,582.35,197.14,8,P2
CUST000571,Fatima Patel,SME,Spain,8,2,1,-0.0491,96.14,43.38,93,1710.66,1165.16,4,P2
CUST000076,Mia Young,Retail,Pakistan,8,2,1,-0.038,96.09,51.88,77,414.95,141.06,5,P2
CUST000556,Maya Davies,Retail,United Arab Emirates,9,3,1,-0.0619,96.07,31.67,54,490.43,174.21,2,P2
CUST000711,Zara Khan,Corporate,Italy,8,3,1,-0.0377,96.06,25.5,49,488.34,132.47,1,P2
CUST000757,Lucas Clarke,Retail,Nigeria,12,1,1,-0.0541,96.05,54.08,100,418.82,71.46,5,P2
CUST000683,Zara Thomas,Retail,Nigeria,9,2,1,-0.0476,96.02,43.89,79,3420.49,3164.63,5,P2
CUST000179,Oliver Hall,Corporate,Pakistan,9,1,1,-0.0427,96.01,29.78,61,255.78,54.14,1,P2
CUST000544,Leo Walker,Retail,Netherlands,13,2,2,-0.077,95.99,30.08,62,565.28,101.03,1,P2
CUST000291,Adam Patel,Retail,Germany,10,3,1,-0.0358,95.96,71.8,100,919.4,195.92,10,P2
CUST000379,Daniel Brown,SME,Turkey,11,4,1,-0.0303,95.93,33.18,57,389.08,137.37,2,P2
CUST000709,Ethan Davies,Retail,France,12,1,1,-0.0667,95.92,41.58,76,734.74,165.49,5,P2
CUST000022,Zara Miller,SME,Turkey,9,1,1,-0.0491,95.91,41.89,78,4419.89,4031.73,2,P2
CUST000102,Mia Smith,Corporate,United States,10,1,1,-0.0392,95.9,35.2,71,292.43,78.3,3,P2
CUST000635,Maya Khan,Retail,Pakistan,12,1,1,-0.0726,95.89,29.08,53,608.34,205.01,3,P2
CUST000033,Amelia Wright,Retail,India,19,3,2,-0.0467,95.88,47.21,100,1322.31,289.43,10,P2
CUST000787,Leo Young,Retail,Nigeria,11,2,2,-0.0523,95.86,50.18,75,4553.6,4304.78,8,P2
CUST000509,Noah Wilson,SME,Pakistan,9,1,1,-0.0552,95.85,20.78,39,594.33,186.53,0,P2
CUST000362,Ethan Taylor,SME,India,13,2,1,-0.0606,95.8,21.08,61,4029.29,3341.92,3,P2
CUST000868,Isabella Miller,Retail,Pakistan,12,1,1,-0.0587,95.79,23.33,73,817.68,141.32,0,P2
CUST000169,Fatima Patel,Retail,Turkey,10,2,1,-0.0497,95.77,45.8,71,464.74,193.29,6,P2
CUST000861,Isabella Khan,Retail,United Kingdom,10,1,1,-0.0837,95.76,24.4,48,830.8,325.41,0,P2
CUST000695,Ali Patel,SME,India,11,1,1,-0.0499,95.75,27.55,52,337.96,89.57,1,P2
CUST000148,Fatima Patel,Retail,United Arab Emirates,11,1,1,-0.0601,95.74,31.45,71,3675.19,3035.16,2,P2
CUST000071,Mia Wright,Retail,Singapore,17,2,1,-0.0639,95.72,44.47,81,930.94,146.1,10,P2
CUST000324,Oliver Miller,Retail,United Arab Emirates,12,3,1,-0.0629,95.71,27.75,79,468.92,142.0,1,P2
CUST000887,Daniel Khan,Retail,Canada,6,1,1,-0.0678,95.7,29.17,57,169.05,94.04,2,P2
CUST000300,Noah Smith,Retail,United Kingdom,8,1,1,-0.0645,95.68,35.75,66,10097.96,5556.97,2,P2
CUST000646,Mia Miller,Retail,Turkey,14,3,1,-0.0537,95.67,34.14,66,673.48,121.14,4,P2
CUST000409,Adam Wright,Retail,India,13,3,2,-0.0625,95.66,31.08,62,2203.57,1506.86,4,P2
CUST000842,Sophia Walker,Retail,Nigeria,9,3,1,-0.0476,95.61,42.44,67,2410.23,2011.4,5,P2
CUST000348,Ali Brown,Private Banking,Pakistan,3,2,1,-0.0243,95.6,30.33,61,405.23,366.37,1,P2
CUST000144,Adam Smith,SME,Spain,11,1,1,-0.0644,95.57,18.45,38,2735.34,1988.02,1,P2
CUST000166,Lucas Young,Private Banking,Singapore,11,1,1,-0.0622,95.56,22.0,56,575.87,135.03,1,P2
CUST000814,Adam Brown,Retail,Spain,11,1,1,-0.0646,95.55,60.73,100,573.17,118.29,8,P2
CUST000963,Lucas Young,Retail,Singapore,8,1,1,-0.0752,95.53,52.88,91,367.39,121.1,6,P2
CUST000329,Noah Thomas,Private Banking,France,13,3,1,-0.0471,95.52,41.62,89,3033.2,2600.18,4,P2
CUST000452,Oliver Smith,Retail,Spain,14,2,1,-0.0734,95.5,31.29,88,5602.33,3801.01,2,P2
CUST000783,Noah Walker,Retail,Nigeria,10,1,1,-0.0625,95.49,43.7,62,452.2,92.23,6,P2
CUST000539,Zara Wright,SME,Singapore,10,2,1,-0.0321,95.48,48.9,85,4992.37,4699.89,5,P2
CUST000298,Maya Hussain,Retail,United States,13,1,1,-0.0625,95.47,32.46,76,4209.02,3280.26,3,P2
CUST000063,Isabella Khan,SME,Germany,12,4,1,-0.0425,95.46,16.83,43,5638.23,3047.48,1,P2
CUST000167,Adam Ali,Retail,Pakistan,14,1,1,-0.0636,95.44,25.64,78,709.74,83.94,1,P2
CUST000712,Sophia Jones,Corporate,Italy,10,1,1,-0.0599,95.43,24.2,48,431.76,92.88,1,P2
CUST000232,Fatima Wilson,Retail,Nigeria,10,1,1,-0.0627,95.41,42.6,84,2026.71,1696.4,4,P2
CUST000894,Mia Wright,Retail,United Arab Emirates,5,1,1,-0.0587,95.4,31.0,66,569.46,245.32,2,P2
CUST000052,Maya Ahmed,Retail,India,14,3,1,-0.0505,95.38,31.43,71,8692.65,4936.37,1,P2
CUST000476,Zara Brown,Retail,Germany,10,1,1,-0.0597,95.36,46.8,73,572.76,223.1,4,P2
CUST000505,Mia Thomas,Retail,Netherlands,8,1,1,-0.0826,95.34,30.0,88,388.56,75.27,1,P2
CUST000466,Ethan Thomas,SME,United Arab Emirates,12,3,2,-0.0483,95.33,29.75,53,600.43,120.7,1,P2
CUST000563,Sophia Miller,Corporate,Canada,14,3,2,-0.0473,95.31,29.21,61,3398.29,2781.89,3,P2
CUST000745,Amelia Miller,Corporate,Spain,14,2,1,-0.0421,95.3,29.14,61,857.31,329.19,2,P2
CUST000657,Lucas Robinson,Retail,Germany,9,1,1,-0.0752,95.28,28.56,88,277.91,99.11,0,P2
CUST000407,Mia Green,Retail,Turkey,6,2,1,-0.0436,95.27,45.5,71,7658.23,7291.29,4,P2
CUST000445,Isabella Ali,Retail,Turkey,19,1,1,-0.0598,95.24,38.0,66,2352.78,1548.47,7,P2
CUST000160,Aisha Walker,SME,Spain,12,1,1,-0.0576,95.22,28.17,71,5867.89,5328.96,3,P2
CUST000970,Amelia Ahmed,Corporate,France,10,1,1,-0.0483,95.21,35.7,66,683.82,151.49,3,P2
CUST000249,Aisha Davies,Retail,Nigeria,9,1,1,-0.0595,95.2,38.67,71,538.3,194.86,4,P2
CUST000133,Aisha Robinson,Corporate,Italy,8,2,1,-0.0515,95.14,36.0,89,339.24,113.93,2,P2
CUST000311,Oliver Davies,SME,Italy,8,1,1,-0.0438,95.12,28.88,88,356.88,103.16,2,P2
CUST000614,Leo Ahmed,SME,Turkey,9,1,1,-0.0457,95.11,34.89,56,262.56,63.93,3,P2
CUST000256,Amelia Ahmed,Retail,France,12,1,1,-0.0805,95.04,27.17,52,406.58,82.0,1,P2
CUST000837,Zara Walker,SME,Pakistan,9,1,1,-0.0425,95.03,24.44,38,1073.04,446.26,0,P2
CUST000015,Leo Wright,Corporate,France,11,2,1,-0.0506,95.02,30.55,57,543.05,172.26,3,P2
CUST000669,Hannah Patel,Retail,Italy,7,1,1,-0.0694,95.01,35.86,53,206.32,61.31,4,P2
CUST000483,Lucas Walker,Retail,United Arab Emirates,14,2,0,-0.066,95.0,26.14,53,8457.7,7922.8,2,P2
CUST000661,Aisha Ahmed,Retail,Canada,8,1,0,-0.0423,94.99,85.5,100,736.03,419.79,4,P3
CUST000644,Fatima Wilson,Retail,Germany,10,1,0,-0.0788,94.98,25.8,43,5913.81,5394.66,1,P3
CUST000391,Grace Thomas,Retail,Spain,14,1,0,-0.0811,94.97,27.36,76,6731.15,5836.07,2,P3
CUST000142,Fatima Smith,Retail,India,6,1,0,-0.0765,94.96,36.33,88,173.38,62.65,0,P3
CUST000392,Adam Wilson,Retail,United States,5,1,0,-0.0593,94.94,55.0,68,354.85,206.02,4,P3
CUST000639,Ethan Robinson,Retail,United Kingdom,8,1,0,-0.0749,94.88,31.88,55,3831.42,3216.65,0,P3
CUST000247,Isabella Thomas,Retail,Turkey,14,1,0,-0.0573,94.87,43.0,100,654.59,138.97,6,P3
CUST000119,Adam Hall,Retail,Germany,9,3,0,-0.0423,94.86,62.78,100,611.14,241.7,8,P3
CUST000576,Mia Miller,Retail,United Arab Emirates,14,3,0,-0.0662,94.84,26.43,88,6613.04,5851.58,0,P3
CUST000943,Zara Ali,SME,Pakistan,8,2,0,-0.0368,94.82,45.0,69,449.15,176.65,4,P3
CUST000945,Daniel Brown,SME,Singapore,9,2,0,-0.055,94.8,20.11,43,614.07,138.73,0,P3
CUST000776,Mia Clarke,Retail,United States,10,1,0,-0.069,94.79,57.2,93,536.1,198.18,7,P3
CUST000158,Leo Khan,Retail,Italy,18,2,0,-0.0682,94.78,31.94,67,6683.18,4259.52,7,P3
CUST000700,Fatima Taylor,Retail,United Arab Emirates,14,2,0,-0.0654,94.76,28.93,62,11860.99,7477.42,3,P3
CUST000697,Muhammad Wright,SME,United Arab Emirates,14,2,0,-0.0504,94.75,16.0,52,1589.35,493.58,1,P3
CUST000244,Daniel Ali,Retail,Singapore,12,1,0,-0.0833,94.72,19.08,56,639.05,181.47,1,P3
CUST000223,Muhammad Ahmed,Private Banking,Spain,11,2,0,-0.0609,94.7,24.73,55,1404.94,793.82,0,P3
CUST000708,Ethan Brown,Retail,United Kingdom,10,1,0,-0.0796,94.69,28.0,66,6578.72,3712.48,2,P3
CUST000552,James Brown,Retail,United Arab Emirates,7,1,0,-0.0612,94.67,35.86,58,394.33,138.92,2,P3
CUST000839,Isabella Wilson,Retail,Canada,5,1,0,-0.0659,94.66,52.8,81,4131.84,3689.95,3,P3
CUST000767,Zara Green,SME,Singapore,11,1,0,-0.0594,94.65,28.36,60,5071.58,4504.91,2,P3
CUST000110,Hannah Thomas,Retail,Netherlands,11,2,0,-0.0675,94.64,24.09,56,753.16,188.53,2,P3
CUST000403,Sophia Young,SME,United Kingdom,12,2,0,-0.0515,94.63,22.25,56,587.25,158.83,2,P3
CUST000801,Hannah Thomas,Corporate,France,9,1,0,-0.0545,94.62,32.22,61,2800.25,2019.05,3,P3
CUST000682,Adam Walker,Retail,United Arab Emirates,7,1,0,-0.0718,94.58,41.0,62,346.34,109.02,3,P3
CUST000603,Oliver Hussain,Retail,France,12,1,0,-0.0634,94.56,38.42,62,617.55,167.07,5,P3
CUST000090,Aisha Davies,SME,Spain,14,2,0,-0.065,94.5,31.29,83,6011.94,5174.23,2,P3
CUST000123,Daniel Ali,Retail,Netherlands,11,1,0,-0.0817,94.49,26.27,65,10533.44,8752.78,1,P3
CUST000414,Maya Smith,Retail,India,10,1,0,-0.0528,94.48,22.6,44,416.35,84.07,2,P3
CUST000636,Fatima Walker,Retail,United Kingdom,11,1,0,-0.0862,94.47,21.0,49,852.73,225.44,2,P3
CUST000855,Aisha Young,Retail,Pakistan,7,1,0,-0.0698,94.45,29.29,56,401.49,124.46,1,P3
CUST000592,Fatima Wright,Retail,Pakistan,7,1,0,-0.0681,94.43,26.14,38,493.45,181.18,0,P3
CUST000055,Noah Hussain,Retail,Singapore,8,1,0,-0.0793,94.41,22.25,61,2217.36,1858.14,1,P3
CUST000277,Lucas Smith,Private Banking,Italy,10,1,0,-0.0597,94.4,25.4,55,418.75,153.57,1,P3
CUST000988,Noah Ali,Corporate,Netherlands,8,1,0,-0.0482,94.38,20.0,48,297.68,70.71,1,P3
CUST000901,Lucas Miller,SME,Netherlands,12,1,0,-0.0541,94.33,31.33,76,6035.84,5027.48,2,P3
CUST000399,Leo Davies,SME,Nigeria,6,2,0,-0.038,94.32,43.33,62,346.14,90.37,4,P3
CUST000056,Adam Green,Retail,Italy,9,1,0,-0.0811,94.31,25.44,83,249.59,74.88,0,P3
CUST000611,Zara Brown,Retail,United States,9,1,0,-0.0799,94.29,23.67,48,6805.08,6416.36,1,P3
CUST000807,Amelia Ali,Retail,Singapore,18,2,0,-0.0813,94.26,33.67,93,1152.3,312.67,2,P3
CUST000138,Mia Hall,Retail,Spain,11,1,0,-0.0814,94.21,44.64,96,6731.97,6345.75,5,P3
CUST000882,Daniel Hall,SME,Singapore,12,1,0,-0.074,94.18,28.0,54,1023.98,556.64,2,P3
CUST000642,Leo Green,SME,Netherlands,9,1,0,-0.082,94.17,25.33,57,4201.21,3869.43,1,P3
CUST000027,Grace Patel,SME,Italy,14,2,0,-0.0567,94.12,32.57,57,5614.71,3353.23,3,P3
CUST000051,Amelia Wright,Retail,Canada,15,1,0,-0.0897,94.1,18.33,39,597.52,80.86,0,P3
CUST000420,Daniel Jones,Retail,Nigeria,12,1,0,-0.0556,94.09,44.92,100,766.66,274.07,6,P3
CUST000137,Daniel Ahmed,Retail,Italy,10,2,0,-0.0391,94.07,73.7,98,2587.43,1901.69,1,P3
CUST000186,Sophia Hall,Retail,Netherlands,11,1,0,-0.0745,94.05,26.64,49,439.83,93.19,1,P3
CUST000031,Muhammad Young,Private Banking,France,10,1,0,-0.0656,93.98,27.4,39,420.05,120.88,0,P3
CUST000446,Amelia Walker,SME,United States,10,2,0,-0.068,93.97,35.9,88,656.65,149.81,2,P3
CUST000153,Maya Jones,Retail,Germany,8,1,0,-0.0704,93.95,47.0,63,307.48,132.37,5,P3
CUST000865,Aisha Taylor,Retail,United Arab Emirates,9,1,0,-0.0702,93.91,23.22,48,3162.17,2441.71,1,P3
CUST000656,Lucas Thomas,Retail,India,14,2,0,-0.0648,93.9,21.57,39,1062.58,222.61,0,P3
CUST000633,James Clarke,SME,United Kingdom,14,2,0,-0.0681,93.88,42.43,98,747.55,267.01,3,P3
CUST000176,Maya Ahmed,Private Banking,United States,7,1,0,-0.0494,93.86,34.57,60,465.21,131.32,1,P3
CUST000208,Daniel Jones,Private Banking,Germany,5,1,0,-0.0443,93.85,34.6,52,229.26,80.69,1,P3
CUST000168,Zara Thomas,Retail,Pakistan,12,2,0,-0.0612,93.81,18.33,48,774.01,305.56,1,P3
CUST000819,Sophia Wilson,SME,United States,11,2,0,-0.0526,93.71,23.36,56,911.88,273.2,2,P3
CUST000823,Aisha Wilson,Retail,United Arab Emirates,14,2,0,-0.0721,93.66,31.14,88,679.75,94.93,1,P3
CUST000634,Ali Taylor,Retail,Singapore,9,1,0,-0.0826,93.65,33.22,51,3819.17,2947.14,3,P3
CUST000931,Lucas Wright,Corporate,Netherlands,10,1,0,-0.0419,93.64,28.2,61,561.89,155.15,3,P3
CUST000847,Fatima Robinson,Retail,Pakistan,8,1,0,-0.0744,93.59,28.38,38,771.46,200.33,0,P3
CUST000092,Lucas Smith,Retail,Nigeria,8,1,0,-0.0528,93.58,41.0,66,1622.71,1186.75,3,P3
CUST000217,Oliver Ahmed,SME,United Kingdom,10,1,0,-0.0463,93.56,47.4,72,632.67,228.73,8,P3
CUST000456,Hannah Walker,Retail,Italy,3,1,0,-0.0603,93.53,42.67,94,8402.18,8326.71,1,P3
CUST000676,Sophia Wright,SME,France,8,2,0,-0.0559,93.51,27.5,88,2829.26,2679.82,1,P3
CUST000726,Zara Thomas,Retail,Netherlands,13,1,0,-0.0804,93.4,31.69,93,11374.62,10363.54,1,P3
CUST000638,Maya Young,SME,Spain,12,2,0,-0.0589,93.39,27.0,88,497.83,108.4,0,P3
CUST000863,Daniel Young,Retail,Italy,8,1,0,-0.0817,93.37,38.0,66,348.43,66.45,3,P3
CUST000923,Lucas Ahmed,Retail,Germany,6,1,0,-0.0812,93.34,29.5,61,268.7,78.32,2,P3
CUST000937,Daniel Davies,Retail,Turkey,10,1,0,-0.0527,93.29,45.4,66,4052.0,2190.91,6,P3
CUST000306,Noah Ali,Retail,Germany,13,1,0,-0.0612,93.27,46.62,81,825.6,197.78,13,P3
CUST000572,Noah Taylor,Retail,Singapore,6,1,0,-0.069,93.26,34.83,94,7207.35,6723.62,1,P3
CUST000670,Grace Miller,Retail,France,11,1,0,-0.0788,93.25,27.91,39,395.86,107.34,0,P3
CUST000070,Daniel Wilson,Retail,Pakistan,10,1,0,-0.0562,93.24,30.9,98,3419.37,2509.71,1,P3
CUST000597,Amelia Ahmed,Retail,Turkey,7,3,0,-0.0393,93.23,45.0,56,4548.73,3574.5,6,P3
CUST000457,Daniel Hussain,Retail,Nigeria,7,3,0,-0.0299,93.22,61.86,81,605.1,153.59,7,P3
CUST000211,Adam Taylor,Retail,Turkey,8,2,0,-0.0428,93.21,44.5,66,5204.29,4869.71,3,P3
CUST000720,Oliver Hall,Retail,France,12,1,0,-0.0735,93.2,31.17,70,3707.7,1592.56,1,P3
CUST000652,Muhammad Hall,Retail,Singapore,7,1,0,-0.0884,93.18,29.29,98,210.09,77.99,1,P3
CUST000534,Aisha Thomas,Retail,Nigeria,13,3,0,-0.0427,93.16,43.46,100,893.72,263.05,4,P3
CUST000816,Lucas Clarke,SME,Netherlands,8,1,0,-0.0466,93.15,22.25,56,248.58,73.83,1,P3
CUST000813,Adam Ali,Retail,United States,12,1,0,-0.0698,93.03,33.92,93,6970.22,6331.18,2,P3
CUST000297,Ethan Ahmed,SME,Singapore,6,1,0,-0.0493,92.97,24.83,56,354.49,158.48,1,P3
CUST000243,Zara Green,Retail,Nigeria,8,1,0,-0.0505,92.96,52.62,100,554.32,147.3,5,P3
CUST000319,Zara Hussain,Retail,Nigeria,4,2,0,-0.0444,92.93,42.75,67,139.7,69.08,2,P3
CUST000450,Maya Young,Retail,Pakistan,12,1,0,-0.0501,92.89,43.33,68,1130.07,320.52,11,P3
CUST000660,Leo Clarke,Retail,Italy,8,1,0,-0.0792,92.84,24.12,38,730.69,286.52,0,P3
CUST000028,Adam Smith,Retail,Nigeria,10,2,0,-0.0403,92.83,45.5,73,400.37,110.09,5,P3
CUST000517,Mia Wilson,Retail,Canada,8,1,0,-0.057,92.81,49.88,99,284.3,87.25,6,P3
CUST000368,Aisha Taylor,Retail,Spain,17,1,0,-0.0843,92.77,30.47,83,4903.87,3743.66,3,P3
CUST000276,Leo Jones,Retail,Netherlands,9,1,0,-0.0751,92.75,19.44,44,484.48,156.57,1,P3
CUST000893,Lucas Clarke,Private Banking,Singapore,10,2,0,-0.058,92.74,18.8,34,697.94,240.95,0,P3
CUST000522,Ali Young,SME,Netherlands,5,1,0,-0.0242,92.72,80.2,89,325.32,149.25,1,P3
CUST000152,Sophia Young,Retail,Netherlands,11,1,0,-0.085,92.71,34.55,56,847.43,220.2,4,P3
CUST000397,Leo Miller,Retail,Singapore,7,1,0,-0.0663,92.69,39.43,58,152.39,29.38,3,P3
CUST000165,Isabella Jones,Retail,Singapore,11,1,0,-0.085,92.67,25.09,48,5376.96,4856.68,1,P3
CUST000606,Amelia Brown,Retail,United Arab Emirates,7,1,0,-0.0736,92.65,21.43,43,274.09,146.9,0,P3
CUST000913,Zara Hussain,Retail,United States,9,1,0,-0.0682,92.63,24.44,43,1353.72,896.93,0,P3
CUST000309,Amelia Taylor,Retail,India,14,1,0,-0.0726,92.61,26.07,53,1067.06,232.61,2,P3
CUST000685,Aisha Jones,Retail,Italy,14,1,0,-0.0749,92.52,25.5,61,3504.94,3004.3,2,P3
CUST000101,Noah Walker,Retail,Italy,10,2,0,-0.0397,92.5,64.5,100,460.39,247.01,10,P3
CUST000532,Lucas Davies,Retail,Spain,11,1,0,-0.0718,92.48,48.45,68,394.83,71.75,7,P3
CUST000965,Amelia Young,Retail,Singapore,8,1,0,-0.0797,92.47,20.62,38,336.99,184.25,2,P3
CUST000030,Leo Wilson,Retail,Nigeria,15,1,0,-0.056,92.46,47.4,100,6213.97,4283.24,8,P3
CUST000967,Sophia Hall,Retail,Canada,7,1,0,-0.0756,92.45,30.0,43,427.51,214.47,0,P3
CUST000673,Muhammad Khan,SME,Pakistan,11,1,0,-0.0673,92.43,27.73,56,436.63,104.3,1,P3
CUST000577,Mia Young,Retail,Nigeria,6,1,0,-0.046,92.42,44.67,62,545.35,319.11,3,P3
CUST000710,Leo Walker,Retail,United Kingdom,11,1,0,-0.0729,92.37,45.91,75,416.92,90.94,5,P3
CUST000959,Hannah Wright,Retail,Netherlands,14,1,0,-0.0773,92.36,35.64,83,4015.63,2390.67,3,P3
CUST000866,Fatima Thomas,Retail,United Arab Emirates,4,1,0,-0.0644,92.34,16.25,25,282.07,163.7,0,P3
CUST000049,Grace Robinson,Retail,United Arab Emirates,11,2,0,-0.0608,92.29,21.91,48,835.24,276.49,1,P3
CUST000210,Oliver Walker,Retail,Germany,8,1,0,-0.077,92.24,47.88,63,319.04,201.16,7,P3
CUST000134,Zara Khan,Corporate,United States,8,1,0,-0.0536,92.22,21.0,39,497.52,126.25,0,P3
CUST000058,Maya Clarke,Retail,Italy,9,2,0,-0.0634,92.21,53.22,95,880.74,340.8,8,P3
CUST000095,Leo Walker,Corporate,Germany,13,3,0,-0.0454,92.17,29.31,73,795.9,168.11,2,P3
CUST000111,Daniel Clarke,Retail,France,14,1,0,-0.0572,92.15,53.5,81,4439.53,3736.28,11,P3
CUST000808,Lucas Patel,Corporate,Spain,8,1,0,-0.0557,92.11,29.88,53,412.73,107.85,2,P3
CUST000579,Fatima Robinson,Retail,Spain,7,1,0,-0.0719,92.09,39.0,56,7192.22,7057.18,2,P3
CUST000171,Oliver Clarke,Retail,United Arab Emirates,8,1,0,-0.0435,91.99,39.62,59,591.93,172.2,4,P3
CUST000934,Aisha Young,Retail,Singapore,17,1,0,-0.0676,91.93,25.65,58,11118.06,10269.18,2,P3
CUST000343,Maya Patel,Retail,Nigeria,5,1,0,-0.0366,91.91,43.6,62,238.42,125.68,4,P3
CUST000159,Lucas Jones,Retail,India,16,1,0,-0.0656,91.85,28.25,61,1091.65,266.5,4,P3
CUST000271,Oliver Patel,Retail,Italy,12,1,0,-0.0648,91.79,29.92,56,4299.88,3759.66,3,P3
CUST000431,Hannah Smith,Retail,India,9,1,0,-0.0805,91.78,25.78,44,542.84,120.26,1,P3
CUST000520,Ethan Ahmed,SME,Italy,12,1,0,-0.069,91.77,27.58,44,592.3,131.85,0,P3
CUST000370,Ali Thomas,SME,Turkey,9,1,0,-0.051,91.73,37.56,56,684.98,230.86,4,P3
CUST000238,Zara Robinson,Retail,United States,7,1,0,-0.063,91.68,39.43,58,294.66,91.76,4,P3
CUST000908,Fatima Miller,SME,Netherlands,11,1,0,-0.0743,91.65,21.0,44,543.4,128.4,1,P3
CUST000105,Leo Thomas,Retail,France,8,1,0,-0.0776,91.64,45.88,86,3899.91,3377.85,3,P3
CUST000641,Ethan Hussain,Retail,United Arab Emirates,11,1,0,-0.0535,91.6,22.55,56,4285.99,3240.29,3,P3
CUST000270,Sophia Walker,Corporate,United Kingdom,10,2,0,-0.0431,91.58,29.5,71,420.21,150.11,3,P3
CUST000184,Daniel Smith,Retail,Canada,16,1,0,-0.0886,91.57,25.69,56,1068.56,448.29,1,P3
CUST000310,Isabella Ali,Retail,France,7,1,0,-0.0844,91.56,34.14,43,2758.82,2464.49,2,P3
CUST000690,James Khan,Retail,India,8,1,0,-0.0697,91.52,20.12,53,315.78,147.06,1,P3
CUST000341,Mia Wright,SME,United States,15,2,0,-0.0536,91.51,36.6,65,3339.91,2839.69,4,P3
CUST000472,Maya Walker,Retail,Turkey,5,1,0,-0.0381,91.49,32.8,52,240.63,94.22,2,P3
CUST000001,Amelia Taylor,Retail,Turkey,9,1,0,-0.0583,91.48,42.22,66,539.53,148.65,5,P3
CUST000775,Maya Smith,Retail,Italy,13,1,0,-0.079,91.45,26.85,53,514.01,67.97,2,P3
CUST000546,Adam Hussain,Retail,France,7,1,0,-0.0737,91.44,29.14,56,390.99,228.73,1,P3
CUST000789,Fatima Davies,Corporate,France,12,1,0,-0.0458,91.41,22.33,38,735.19,184.71,1,P3
CUST000190,James Smith,Retail,Netherlands,8,1,0,-0.0853,91.38,16.0,43,420.49,200.84,1,P3
CUST000093,James Ahmed,Retail,Italy,14,1,0,-0.0711,91.33,37.71,83,1010.76,306.3,4,P3
CUST000447,Muhammad Hall,Retail,Netherlands,7,1,0,-0.0863,91.27,29.86,48,188.7,77.98,1,P3
CUST000064,Fatima Ali,Retail,Italy,14,1,0,-0.0721,91.25,35.86,93,1040.72,575.49,2,P3
CUST000073,Aisha Hall,Retail,Spain,10,1,0,-0.0822,91.23,21.6,44,331.02,131.42,1,P3
CUST000706,Maya Taylor,Retail,Spain,15,1,0,-0.0879,91.14,34.47,98,755.51,167.5,2,P3
CUST000495,Sophia Khan,Retail,Turkey,9,1,0,-0.067,91.1,37.56,57,636.78,188.14,4,P3
CUST000912,James Brown,Retail,France,17,1,0,-0.0842,91.09,27.94,83,760.68,169.42,3,P3
CUST000054,Aisha Thomas,Retail,Spain,14,1,0,-0.0813,91.08,30.5,68,7309.13,5732.71,2,P3
CUST000449,Zara Khan,SME,Singapore,12,1,0,-0.0679,91.03,38.33,82,13077.9,12618.29,3,P3
CUST000272,Mia Clarke,Retail,Pakistan,16,1,0,-0.074,90.92,24.19,49,502.0,90.22,3,P3
CUST000006,Noah Davies,Private Banking,Germany,12,1,0,-0.0511,90.88,24.25,55,337.27,127.24,0,P3
CUST000919,Aisha Taylor,Retail,Netherlands,8,1,0,-0.0696,90.87,44.75,63,584.23,207.67,5,P3
CUST000940,Grace Wright,SME,Canada,11,1,0,-0.0502,90.85,15.73,43,345.74,64.25,0,P3
CUST000290,Grace Young,Retail,Italy,18,1,0,-0.079,90.84,24.89,66,1134.51,205.66,2,P3
CUST000085,Leo Robinson,Retail,Italy,8,1,0,-0.069,90.82,27.75,61,3857.57,3667.44,1,P3
CUST000401,Hannah Brown,Retail,United Arab Emirates,6,1,0,-0.0666,90.8,19.83,28,177.74,46.69,0,P3
CUST000604,Oliver Patel,Retail,Singapore,13,1,0,-0.0788,90.77,30.15,79,2457.01,1581.4,3,P3
CUST000342,James Ali,Retail,United Arab Emirates,9,1,0,-0.0666,90.73,30.33,66,5533.18,5193.53,1,P3
CUST000516,Maya Walker,Retail,United Kingdom,6,1,0,-0.0781,90.68,32.33,66,628.67,208.28,1,P3
CUST000820,Mia Miller,Retail,Singapore,12,1,0,-0.0856,90.63,31.42,62,3393.12,2722.31,3,P3
CUST000961,Noah Smith,Retail,Pakistan,10,1,0,-0.0701,90.62,23.6,61,680.84,177.61,1,P3
CUST000938,Grace Smith,Corporate,United Arab Emirates,10,1,0,-0.0464,90.6,39.2,88,799.67,266.95,0,P3
CUST000581,James Thomas,Corporate,United States,8,1,0,-0.0534,90.58,49.62,68,513.95,175.85,5,P3
CUST000897,Fatima Green,Retail,Turkey,12,1,0,-0.0587,90.55,41.67,100,878.43,179.83,6,P3
CUST000336,Maya Davies,SME,India,7,1,0,-0.0429,90.52,19.57,38,529.08,112.3,0,P3
CUST000941,Zara Thomas,Retail,Pakistan,8,1,0,-0.0689,90.44,29.75,66,349.91,128.04,1,P3
CUST000663,Lucas Hussain,Retail,India,12,1,0,-0.0772,90.43,29.33,82,5509.46,5076.49,2,P3
CUST000687,Daniel Walker,Retail,Spain,14,2,0,-0.0781,90.41,26.07,61,723.89,335.07,3,P3
CUST000485,Sophia Patel,Retail,Singapore,9,1,0,-0.0824,90.4,34.44,57,433.79,103.05,3,P3
CUST000825,Sophia Davies,Retail,Turkey,9,1,0,-0.0621,90.38,40.67,61,395.26,98.68,5,P3
CUST000048,Zara Clarke,Retail,Turkey,3,1,0,-0.0679,90.37,26.33,33,186.9,169.5,0,P3
CUST000648,Ethan Davies,Retail,Pakistan,7,1,0,-0.0822,90.36,23.0,57,175.69,61.52,1,P3
CUST000530,Muhammad Wright,Corporate,France,7,1,0,-0.072,90.35,25.0,52,443.94,111.98,1,P3
CUST000433,Zara Thomas,SME,United States,14,1,0,-0.0606,90.34,25.71,63,965.38,282.05,2,P3
CUST000680,Ethan Jones,Retail,Spain,7,1,0,-0.0774,90.33,24.14,56,376.59,108.46,1,P3
CUST000207,Mia Wilson,Retail,United Kingdom,8,1,0,-0.086,90.3,28.38,62,2120.5,1718.51,1,P3
CUST000602,Daniel Brown,Retail,Italy,13,1,0,-0.0831,90.27,30.62,55,574.43,125.64,2,P3
CUST000273,Leo Wilson,Private Banking,Netherlands,8,1,0,-0.0394,90.25,30.88,62,331.63,88.33,1,P3
CUST000612,Aisha Hall,Retail,France,4,1,0,-0.063,90.22,47.5,94,188.11,137.06,2,P3
CUST000521,Isabella Brown,Retail,France,8,1,0,-0.081,90.2,31.5,57,3567.28,3340.33,1,P3
CUST000193,Ali Hussain,Corporate,Spain,13,1,0,-0.0519,90.19,32.46,88,548.38,170.3,2,P3
CUST000421,Maya Hussain,Retail,Netherlands,8,1,0,-0.0843,90.15,20.75,39,263.77,65.17,0,P3
CUST000218,Maya Green,Retail,Canada,8,1,0,-0.0792,90.14,27.12,71,405.74,194.23,2,P3
CUST000254,Zara Hussain,SME,Canada,14,1,0,-0.0696,90.12,30.29,43,571.62,141.61,1,P3
CUST000773,Muhammad Davies,Retail,Singapore,9,1,0,-0.0743,90.11,32.56,98,7058.72,6745.32,2,P3
CUST000416,Maya Thomas,Corporate,Germany,7,1,0,-0.0544,90.07,35.43,78,488.46,148.83,1,P3
CUST000886,Oliver Patel,Retail,Nigeria,12,1,0,-0.0604,90.04,46.58,100,784.22,156.17,5,P3
CUST000746,Leo Khan,Retail,Pakistan,7,1,0,-0.0499,90.01,30.29,57,2316.33,2076.99,2,P3
CUST000200,Sophia Green,Retail,Singapore,5,0,0,-0.0855,89.93,31.6,43,4365.89,4127.07,1,No Review
CUST000080,Mia Davies,Retail,Spain,6,0,0,-0.0777,89.88,36.5,57,155.88,46.97,3,No Review
CUST000911,Ethan Clarke,Retail,France,8,0,0,-0.0638,89.87,53.5,81,316.24,117.58,8,No Review
CUST000548,Oliver Ahmed,Retail,Pakistan,11,0,0,-0.057,89.81,25.09,55,398.49,169.6,2,No Review
CUST000037,Oliver Ali,Retail,France,9,0,0,-0.0722,89.75,32.67,61,4102.07,3185.14,2,No Review
CUST000968,Adam Wilson,Retail,France,9,0,0,-0.0835,89.72,21.89,48,287.15,67.69,2,No Review
CUST000012,Maya Walker,Retail,Spain,11,0,0,-0.0638,89.71,47.55,100,2718.42,2235.06,5,No Review
CUST000499,Grace Clarke,SME,Italy,13,0,0,-0.0579,89.7,25.31,44,557.27,187.88,1,No Review
CUST000155,Isabella Ahmed,Retail,India,12,0,0,-0.0733,89.69,22.67,44,661.38,158.66,1,No Review
CUST000233,Ali Robinson,Retail,India,7,0,0,-0.0767,89.64,40.86,78,303.63,133.32,3,No Review
CUST000599,Mia Walker,Retail,Pakistan,10,0,0,-0.0713,89.62,19.6,43,584.49,162.41,0,No Review
CUST000770,Grace Green,Retail,Pakistan,9,0,0,-0.0621,89.61,36.89,83,8531.53,8228.9,2,No Review
CUST000100,Ethan Hall,Retail,France,12,0,0,-0.0746,89.6,44.33,63,675.45,170.27,6,No Review
CUST000373,Zara Brown,Retail,Germany,11,0,0,-0.0628,89.59,30.18,83,1068.81,293.73,2,No Review
CUST000234,James Patel,Corporate,Netherlands,8,0,0,-0.0565,89.55,37.88,88,201.88,47.67,1,No Review
CUST000936,Fatima Wright,Retail,France,5,0,0,-0.0816,89.52,37.6,66,475.09,199.86,2,No Review
CUST000793,Lucas Robinson,Retail,France,14,0,0,-0.0827,89.51,30.43,56,805.32,180.28,3,No Review
CUST000666,Oliver Green,Retail,France,11,0,0,-0.0888,89.45,25.55,39,2238.12,1814.67,1,No Review
CUST000991,Noah Davies,Retail,Nigeria,13,0,0,-0.0589,89.4,39.0,57,2229.61,1372.14,6,No Review
CUST000668,Daniel Wilson,Retail,United States,14,0,0,-0.0765,89.38,25.21,55,1154.67,227.24,2,No Review
CUST000017,Ali Green,Retail,Spain,12,0,0,-0.0817,89.36,29.0,48,2613.96,1708.85,2,No Review
CUST000170,Ethan Robinson,SME,France,13,0,0,-0.063,89.33,24.77,88,3391.07,2519.97,0,No Review
CUST000284,Noah Ali,Retail,United States,12,0,0,-0.0723,89.31,30.58,88,4191.94,3561.52,1,No Review
CUST000231,Isabella Ali,Retail,India,4,0,0,-0.0564,89.23,37.0,66,238.65,184.12,2,No Review
CUST000349,Adam Patel,Retail,India,11,0,0,-0.073,89.19,29.18,48,366.48,120.43,1,No Review
CUST000005,Maya Green,Retail,Netherlands,13,0,0,-0.0655,89.18,32.69,66,14495.01,6800.6,3,No Review
CUST000315,Isabella Brown,Retail,Canada,13,0,0,-0.0847,89.17,23.92,56,827.74,164.15,2,No Review
CUST000260,Hannah Hall,Retail,Canada,8,0,0,-0.0483,89.16,52.62,69,267.27,104.98,8,No Review
CUST000258,Ethan Jones,Retail,Germany,15,0,0,-0.0551,89.13,48.47,82,1136.96,213.77,13,No Review
CUST000094,Lucas Ahmed,Retail,Canada,12,0,0,-0.0814,89.11,25.08,44,3319.04,2569.2,2,No Review
CUST000647,Muhammad Hall,Retail,Netherlands,9,0,0,-0.096,89.08,36.0,93,379.57,97.51,1,No Review
CUST000944,Leo Clarke,SME,Germany,9,0,0,-0.0743,89.07,27.89,71,2492.67,2167.82,1,No Review
CUST000498,Aisha Young,SME,Netherlands,14,0,0,-0.0772,89.04,36.43,66,1480.73,1035.02,4,No Review
CUST000715,Oliver Robinson,SME,Spain,13,0,0,-0.0597,88.97,29.15,71,755.0,211.65,3,No Review
CUST000667,Leo Hall,Retail,Singapore,9,0,0,-0.0876,88.94,19.67,56,3619.44,2888.69,1,No Review
CUST000289,Maya Taylor,Retail,France,9,0,0,-0.072,88.93,25.11,56,555.49,148.91,1,No Review
CUST000921,James Wilson,Retail,Germany,6,0,0,-0.0845,88.83,23.33,38,464.16,224.18,0,No Review
CUST000955,Hannah Brown,Retail,United Kingdom,18,0,0,-0.0808,88.81,25.89,61,5534.66,4387.81,2,No Review
CUST000558,Hannah Green,SME,Canada,7,0,0,-0.0639,88.79,26.29,56,2046.47,1770.51,1,No Review
CUST000928,Daniel Smith,Retail,Netherlands,4,0,0,-0.0601,88.78,44.5,63,197.8,97.44,3,No Review
CUST000584,Aisha Patel,Retail,Turkey,9,0,0,-0.0487,88.77,36.89,61,596.41,232.45,3,No Review
CUST000425,Adam Patel,SME,Canada,8,0,0,-0.072,88.76,23.75,38,671.35,266.58,0,No Review
CUST000958,James Hall,Retail,Pakistan,2,0,0,-0.0311,88.74,54.0,63,251.53,179.37,2,No Review
CUST000766,James Walker,SME,United States,11,0,0,-0.0635,88.73,36.27,78,5330.69,4855.77,3,No Review
CUST000463,Lucas Clarke,Corporate,France,12,0,0,-0.0482,88.72,25.83,66,710.95,232.43,3,No Review
CUST000482,Muhammad Khan,SME,United Kingdom,8,0,0,-0.0568,88.69,28.12,71,3485.11,3190.83,2,No Review
CUST000350,Grace Jones,Retail,Italy,13,0,0,-0.1053,88.68,21.69,53,721.88,220.2,1,No Review
CUST000803,Sophia Walker,Retail,Canada,5,0,0,-0.0649,88.65,28.4,61,270.7,218.06,2,No Review
CUST000924,Grace Young,Retail,Singapore,6,0,0,-0.0642,88.58,25.83,43,216.59,99.19,0,No Review
CUST000756,Adam Wilson,Retail,India,9,0,0,-0.0603,88.56,31.56,61,322.61,97.1,3,No Review
CUST000812,Muhammad Young,Retail,Spain,11,0,0,-0.0608,88.51,65.36,83,613.24,188.94,0,No Review
CUST000909,Fatima Robinson,Retail,Turkey,3,0,0,-0.051,88.48,48.33,84,4765.48,4479.37,1,No Review
CUST000083,Ali Patel,Retail,France,13,0,0,-0.0828,88.46,25.69,66,3699.14,3138.05,3,No Review
CUST000191,Adam Miller,Retail,Netherlands,15,0,0,-0.0588,88.42,56.73,87,2554.23,1751.09,12,No Review
CUST000731,Ali Brown,SME,India,7,0,0,-0.0457,88.39,30.43,53,530.05,143.98,2,No Review
CUST000172,Ali Wilson,Retail,United Arab Emirates,11,0,0,-0.0663,88.26,45.18,84,771.58,243.51,3,No Review
CUST000222,Fatima Wright,Private Banking,United Arab Emirates,4,0,0,-0.0559,88.22,25.5,38,189.86,67.64,0,No Review
CUST000905,Isabella Ahmed,SME,Singapore,9,0,0,-0.0795,88.15,21.67,43,353.87,102.77,0,No Review
CUST000045,Sophia Ali,SME,United Kingdom,15,0,0,-0.07,88.13,25.2,56,933.61,193.88,3,No Review
CUST000040,Leo Miller,Corporate,Netherlands,10,0,0,-0.0593,88.07,25.8,61,4846.73,4308.14,1,No Review
CUST000212,Sophia Taylor,Retail,Singapore,9,0,0,-0.0824,88.06,20.67,38,556.86,214.84,0,No Review
CUST000075,Lucas Young,Retail,United Arab Emirates,11,0,0,-0.0774,88.02,27.82,44,390.21,114.86,1,No Review
CUST000203,James Patel,Retail,Pakistan,8,0,0,-0.0697,87.99,22.75,79,224.36,59.86,0,No Review
CUST000292,Leo Jones,SME,Italy,10,0,0,-0.065,87.98,42.9,64,680.57,221.72,4,No Review
CUST000951,Ethan Ali,Retail,Pakistan,10,0,0,-0.0765,87.92,25.8,48,683.17,197.86,1,No Review
CUST000224,Lucas Green,Retail,Singapore,10,0,0,-0.0627,87.86,44.8,73,3705.37,3260.4,6,No Review
CUST000596,James Jones,Retail,United Kingdom,11,0,0,-0.0883,87.84,16.45,58,340.76,71.19,1,No Review
CUST000541,Grace Brown,Retail,Turkey,7,0,0,-0.0632,87.82,41.43,71,2615.42,2231.01,2,No Review
CUST000327,Muhammad Davies,Retail,Nigeria,9,0,0,-0.0664,87.79,35.0,71,378.89,82.24,2,No Review
CUST000595,Zara Taylor,Retail,France,9,0,0,-0.0697,87.75,31.89,83,299.68,76.1,2,No Review
CUST000578,Adam Walker,Retail,Nigeria,7,0,0,-0.0615,87.74,39.71,66,8305.4,8095.68,3,No Review
CUST000189,Zara Thomas,SME,Germany,10,0,0,-0.0688,87.69,28.7,61,625.45,215.03,1,No Review
CUST000065,Amelia Miller,SME,Canada,13,0,0,-0.0702,87.65,23.69,43,460.39,76.05,2,No Review
CUST000664,Oliver Hall,Retail,Nigeria,14,0,0,-0.0642,87.64,38.29,66,2955.62,2264.52,6,No Review
CUST000609,Mia Green,Corporate,Singapore,13,0,0,-0.0631,87.51,27.92,93,1228.2,555.67,1,No Review
CUST000832,Muhammad Robinson,Retail,Germany,9,0,0,-0.0888,87.47,35.78,57,518.44,190.68,3,No Review
CUST000288,Maya Brown,Retail,United States,9,0,0,-0.0672,87.45,29.0,49,2187.23,1889.6,4,No Review
CUST000106,Hannah Patel,Retail,Singapore,8,0,0,-0.0457,87.42,53.88,80,6428.18,4074.3,6,No Review
CUST000025,Muhammad Ali,Retail,United States,7,0,0,-0.0879,87.4,41.71,68,11949.92,11285.43,3,No Review
CUST000594,Oliver Wright,SME,Singapore,11,0,0,-0.0742,87.37,22.36,44,528.71,164.16,1,No Review
CUST000393,Mia Brown,SME,Germany,14,0,0,-0.0721,87.29,23.79,79,733.21,163.21,1,No Review
CUST000655,Maya Wright,Retail,Italy,7,0,0,-0.0865,87.27,29.0,56,431.22,285.38,3,No Review
CUST000278,Zara Clarke,Retail,Singapore,7,0,0,-0.081,87.25,29.14,39,304.87,110.59,0,No Review
CUST000264,Lucas Walker,Retail,Turkey,14,0,0,-0.0504,87.23,45.57,78,1773.37,1132.71,7,No Review
CUST000280,Ethan Patel,SME,Italy,14,0,0,-0.0514,87.18,27.57,61,4591.39,3859.21,3,No Review
CUST000496,Ali Wilson,Retail,Canada,10,0,0,-0.076,87.17,24.7,39,493.76,124.41,0,No Review
CUST000689,Leo Jones,Retail,Canada,12,0,0,-0.0768,87.07,22.0,53,467.17,182.65,1,No Review
CUST000926,Noah Hussain,Retail,India,7,0,0,-0.0669,87.01,24.29,44,4672.18,4210.5,1,No Review
CUST000880,Daniel Patel,Retail,Italy,9,0,0,-0.0659,87.0,53.67,93,533.05,144.97,7,No Review
CUST000653,Fatima Green,Retail,Germany,10,0,0,-0.0714,86.99,29.3,49,953.34,451.04,3,No Review
CUST000740,Adam Jones,Retail,Spain,6,0,0,-0.0677,86.95,25.67,56,6191.66,6002.41,1,No Review
CUST000704,James Patel,Retail,United Kingdom,9,0,0,-0.0771,86.92,33.89,66,5478.99,4572.43,1,No Review
CUST000235,Fatima Khan,Retail,United Arab Emirates,8,0,0,-0.0696,86.89,32.38,60,2713.93,2281.4,1,No Review
CUST000402,Muhammad Smith,Corporate,United States,9,0,0,-0.0498,86.85,24.11,57,441.12,174.43,1,No Review
CUST000470,Isabella Hussain,Retail,Turkey,8,0,0,-0.0568,86.75,41.25,97,1395.6,694.4,3,No Review
CUST000765,Hannah Ahmed,SME,Italy,17,0,0,-0.0631,86.71,24.65,52,754.9,101.5,5,No Review
CUST000275,Adam Ali,Retail,Nigeria,9,0,0,-0.0641,86.7,47.67,66,607.0,175.13,6,No Review
CUST000262,Maya Davies,Retail,Singapore,13,0,0,-0.0812,86.68,22.31,53,920.58,185.8,3,No Review
CUST000294,Maya Davies,Retail,Germany,9,0,0,-0.0611,86.61,44.0,76,306.74,84.26,4,No Review
CUST000091,Isabella Green,SME,Canada,10,0,0,-0.059,86.6,31.8,61,5386.87,5002.3,4,No Review
CUST000389,Hannah Miller,Retail,Pakistan,10,0,0,-0.0807,86.57,22.4,63,12567.98,10783.84,0,No Review
CUST000359,Ali Davies,Retail,India,14,0,0,-0.0721,86.52,24.86,44,975.92,194.92,1,No Review
CUST000723,Hannah Taylor,Retail,Pakistan,9,0,0,-0.081,86.44,22.33,39,454.2,162.99,0,No Review
CUST000586,Adam Khan,Retail,United Arab Emirates,6,0,0,-0.0515,86.42,37.17,62,3196.66,2993.82,3,No Review
CUST000588,Grace Patel,Retail,Singapore,10,0,0,-0.0803,86.39,34.6,66,2805.69,2348.36,2,No Review
CUST000043,Isabella Brown,Retail,Turkey,11,0,0,-0.0618,86.38,45.45,100,375.34,66.51,6,No Review
CUST000481,Muhammad Khan,Retail,United States,12,0,0,-0.0849,86.33,22.0,53,640.29,222.76,1,No Review
CUST000241,James Patel,Retail,Italy,10,0,0,-0.0724,86.28,32.7,58,3724.44,3386.47,3,No Review
CUST000561,Isabella Smith,Retail,Spain,15,0,0,-0.0935,86.27,29.27,60,713.51,221.61,1,No Review
CUST000057,James Hussain,Retail,France,14,0,0,-0.0898,86.22,23.07,53,544.2,91.45,1,No Review
CUST000321,Oliver Jones,Retail,United Arab Emirates,15,0,0,-0.081,86.2,33.53,98,1616.65,420.41,1,No Review
CUST000014,Oliver Wright,Corporate,Singapore,9,0,0,-0.0594,86.18,19.0,43,461.34,104.26,0,No Review
CUST000136,Grace Brown,Retail,India,13,0,0,-0.0734,86.17,23.38,43,399.48,85.86,0,No Review
CUST000743,Hannah Hall,SME,United States,11,0,0,-0.0664,86.16,31.73,56,896.48,429.77,2,No Review
CUST000475,Oliver Jones,SME,Netherlands,7,0,0,-0.0765,86.15,21.71,48,226.66,62.2,1,No Review
CUST000569,Zara Smith,Retail,Canada,10,0,0,-0.0723,86.07,30.1,60,381.31,138.19,2,No Review
CUST000398,Fatima Jones,Retail,Pakistan,10,0,0,-0.0734,86.02,22.8,83,507.64,105.41,0,No Review
CUST000575,Mia Ali,Retail,Netherlands,11,0,0,-0.0916,86.01,27.45,52,1160.99,240.12,1,No Review
CUST000352,Zara Brown,Retail,Italy,14,0,0,-0.0804,85.94,38.57,93,4410.76,3243.9,3,No Review
CUST000473,Adam Hall,Retail,India,6,0,0,-0.0517,85.92,52.67,63,662.15,374.17,5,No Review
CUST000691,Daniel Ali,Retail,Spain,9,0,0,-0.0806,85.85,32.56,61,817.91,325.62,3,No Review
CUST000237,Daniel Brown,Retail,Netherlands,7,0,0,-0.0751,85.84,35.57,56,408.25,124.09,3,No Review
CUST000798,Noah Miller,Retail,Singapore,14,0,0,-0.0775,85.82,31.29,61,4113.99,3481.65,4,No Review
CUST000500,Fatima Jones,SME,Germany,6,0,0,-0.0699,85.79,41.0,84,1512.85,1219.78,0,No Review
CUST000116,Lucas Wright,Retail,Pakistan,10,0,0,-0.0766,85.78,20.1,43,729.32,367.94,0,No Review
CUST000981,Ethan Khan,Retail,United Arab Emirates,15,0,0,-0.0744,85.62,29.4,52,789.06,130.66,3,No Review
CUST000202,Leo Jones,Retail,Spain,6,0,0,-0.0698,85.56,47.17,72,163.13,40.35,3,No Review
CUST000442,Lucas Wright,Retail,Nigeria,9,0,0,-0.0576,85.52,39.44,78,398.5,126.11,2,No Review
CUST000600,Oliver Miller,Retail,Netherlands,14,0,0,-0.0906,85.51,29.36,66,3384.02,2384.34,2,No Review
CUST000632,Noah Miller,Retail,Singapore,4,0,0,-0.0867,85.5,40.75,61,253.93,120.68,2,No Review
CUST000841,Zara Green,Retail,United States,8,0,0,-0.0876,85.48,30.75,66,182.94,58.12,3,No Review
CUST000829,Grace Thomas,Retail,France,9,0,0,-0.0697,85.46,34.22,79,2077.11,1601.75,3,No Review
CUST000387,Hannah Robinson,SME,United States,7,0,0,-0.0647,85.45,29.29,60,2266.37,1654.42,1,No Review
CUST000252,Adam Walker,SME,United Kingdom,9,0,0,-0.0741,85.39,24.78,53,452.84,102.39,2,No Review
CUST000618,Oliver Miller,Retail,United Arab Emirates,7,0,0,-0.0576,85.38,26.29,52,286.69,138.13,1,No Review
CUST000570,Ethan Davies,Retail,Singapore,8,0,0,-0.0891,85.35,24.12,43,337.96,77.56,0,No Review
CUST000693,Grace Ali,Retail,Turkey,12,0,0,-0.0646,85.32,38.42,71,643.09,180.97,5,No Review
CUST000408,Lucas Green,Retail,Spain,10,0,0,-0.0802,85.31,33.2,83,667.66,295.76,1,No Review
CUST000325,Ethan Walker,Retail,Italy,11,0,0,-0.0776,85.29,33.36,88,518.8,191.75,4,No Review
CUST000531,Maya Green,Retail,Nigeria,7,0,0,-0.0518,85.26,47.57,100,285.93,95.43,3,No Review
CUST000313,Hannah Brown,SME,Canada,8,0,0,-0.0457,85.22,28.62,61,2512.77,2002.97,1,No Review
CUST000707,Sophia Ahmed,Retail,Spain,16,0,0,-0.0808,85.11,41.44,93,578.67,120.21,6,No Review
CUST000844,Noah Davies,Retail,United States,13,0,0,-0.0874,85.08,32.23,83,616.29,110.37,0,No Review
CUST000122,Maya Ali,Retail,Germany,9,0,0,-0.083,85.06,27.89,48,3558.7,2653.88,1,No Review
CUST000518,Mia Patel,Retail,United States,8,0,0,-0.0735,85.05,28.5,83,402.93,113.04,1,No Review
CUST000637,Isabella Wright,Retail,Turkey,12,0,0,-0.0527,85.03,46.5,100,679.28,188.12,8,No Review
CUST000906,Zara Davies,Private Banking,United Kingdom,9,0,0,-0.0512,84.99,25.33,43,326.77,74.84,1,No Review
CUST000585,Adam Ali,Retail,France,14,0,0,-0.088,84.97,32.71,67,799.57,185.28,4,No Review
CUST000920,Ali Miller,Retail,Canada,8,0,0,-0.0802,84.88,42.5,86,509.35,130.27,3,No Review
CUST000870,Fatima Patel,Retail,United Kingdom,16,0,0,-0.0849,84.87,34.62,73,2660.98,1802.02,3,No Review
CUST000735,Aisha Miller,Corporate,Canada,8,0,0,-0.0646,84.8,16.5,34,312.47,71.62,0,No Review
CUST000029,Amelia Walker,Retail,United Arab Emirates,8,0,0,-0.0632,84.76,25.38,43,563.27,179.28,0,No Review
CUST000204,James Walker,SME,France,7,0,0,-0.0798,84.65,23.71,44,1132.63,484.72,1,No Review
CUST000459,Leo Jones,Retail,Italy,8,0,0,-0.0927,84.6,23.5,43,252.84,80.05,1,No Review
CUST000296,Aisha Ahmed,Retail,Pakistan,5,0,0,-0.0654,84.58,34.4,52,109.53,35.84,2,No Review
CUST000848,Mia Smith,SME,Canada,8,0,0,-0.0703,84.57,27.25,38,245.22,81.33,1,No Review
CUST000479,Hannah Ahmed,Corporate,Canada,11,0,0,-0.0633,84.51,24.73,48,560.87,160.22,2,No Review
CUST000724,Sophia Walker,Retail,India,8,0,0,-0.0734,84.45,34.62,73,3751.9,3129.93,2,No Review
CUST000061,Mia Walker,Retail,Nigeria,12,0,0,-0.0709,84.37,38.92,62,1000.32,315.74,5,No Review
CUST000555,Adam Ali,Retail,Spain,9,0,0,-0.0902,84.35,20.89,60,390.33,171.1,0,No Review
CUST000553,Adam Miller,Retail,Nigeria,4,0,0,-0.0518,84.25,41.25,56,206.95,170.06,3,No Review
CUST000828,Grace Hall,SME,Spain,13,0,0,-0.0599,84.23,34.15,66,2579.56,2090.98,5,No Review
CUST000982,Fatima Davies,Retail,United Kingdom,12,0,0,-0.0887,84.21,35.58,88,981.17,325.09,2,No Review
CUST000385,Leo Young,Retail,India,12,0,0,-0.082,84.2,31.17,79,360.35,134.37,1,No Review
CUST000371,Aisha Hall,Retail,United Arab Emirates,10,0,0,-0.0777,84.18,35.8,83,698.32,309.69,0,No Review
CUST000104,Hannah Smith,Retail,Turkey,15,0,0,-0.0646,84.13,39.53,67,1685.7,526.84,7,No Review
CUST000818,Grace Hall,Retail,Pakistan,9,0,0,-0.0707,84.11,26.33,55,462.12,194.24,1,No Review
CUST000717,Ali Ahmed,Retail,Spain,8,0,0,-0.0746,84.02,26.62,79,237.4,61.14,1,No Review
CUST000774,Isabella Wright,Retail,Singapore,8,0,0,-0.0874,83.98,35.5,66,293.44,71.87,3,No Review
CUST000303,Leo Robinson,Retail,Pakistan,12,0,0,-0.0684,83.97,21.92,57,565.33,101.66,1,No Review
CUST000930,Ethan Taylor,Retail,Nigeria,13,0,0,-0.0606,83.93,39.46,71,1025.73,292.3,5,No Review
CUST000719,Hannah Wilson,Retail,Turkey,6,0,0,-0.0557,83.88,40.83,62,144.73,52.85,3,No Review
CUST000610,Isabella Patel,SME,Germany,11,0,0,-0.0576,83.86,26.45,56,2414.66,1702.82,1,No Review
CUST000885,Sophia Smith,SME,Italy,12,0,0,-0.0774,83.83,30.67,53,863.95,220.67,3,No Review
CUST000794,Lucas Green,Retail,France,10,0,0,-0.0868,83.76,28.9,40,513.49,121.58,0,No Review
CUST000259,Aisha Brown,Retail,India,9,0,0,-0.0749,83.75,23.33,44,2216.52,1664.09,1,No Review
CUST000411,Grace Thomas,Retail,Netherlands,10,0,0,-0.097,83.73,25.1,66,7728.02,7475.76,1,No Review
CUST000817,Ethan Davies,Retail,Pakistan,10,0,0,-0.067,83.63,35.0,89,427.85,114.42,3,No Review
CUST000008,Hannah Walker,Retail,France,7,0,0,-0.0717,83.59,43.43,63,474.13,170.79,3,No Review
CUST000461,Maya Clarke,Retail,Spain,14,0,0,-0.0859,83.54,29.21,88,1067.5,223.1,1,No Review
CUST000007,Ethan Thomas,Retail,Italy,15,0,0,-0.0873,83.52,21.13,57,3771.47,3014.08,3,No Review
CUST000382,Mia Clarke,SME,France,10,0,0,-0.0669,83.37,24.8,48,401.61,83.12,1,No Review
CUST000799,Aisha Jones,Retail,United Kingdom,8,0,0,-0.0735,83.34,26.12,44,420.94,91.68,1,No Review
CUST000438,Sophia Robinson,Retail,Singapore,5,0,0,-0.0959,83.3,24.4,40,5497.97,5296.28,0,No Review
CUST000827,Adam Hall,Retail,Turkey,17,0,0,-0.0676,83.24,37.12,73,1334.14,389.71,4,No Review
CUST000729,Ali Ahmed,Retail,United States,9,0,0,-0.0603,83.11,48.33,72,623.43,125.21,6,No Review
CUST000410,Adam Young,Retail,India,13,0,0,-0.0646,83.07,25.92,88,644.03,212.98,1,No Review
CUST000149,Fatima Young,Retail,United Kingdom,10,0,0,-0.0794,83.01,22.8,43,1473.44,1071.08,1,No Review
CUST000899,Noah Hussain,Retail,Italy,15,0,0,-0.0855,82.85,30.53,56,3927.71,3096.51,3,No Review
CUST000477,Amelia Young,Retail,Netherlands,8,0,0,-0.0947,82.78,31.75,71,470.46,162.83,2,No Review
CUST000406,Fatima Smith,Retail,United Kingdom,10,0,0,-0.0867,82.76,25.1,56,725.24,204.82,2,No Review
CUST000995,Oliver Ahmed,Retail,Italy,15,0,0,-0.0846,82.7,20.07,43,1020.76,344.1,1,No Review
CUST000460,Noah Taylor,SME,United Arab Emirates,8,0,0,-0.0532,82.69,18.88,48,353.71,97.11,1,No Review
CUST000175,Leo Ahmed,Retail,Netherlands,11,0,0,-0.09,82.65,24.0,38,458.73,101.63,0,No Review
CUST000131,Sophia Davies,Corporate,United States,6,0,0,-0.068,82.53,13.17,34,251.64,89.98,0,No Review
CUST000487,Noah Patel,Retail,France,11,0,0,-0.0895,82.52,27.82,44,410.1,136.76,1,No Review
CUST000439,Grace Hussain,Retail,Spain,10,0,0,-0.092,82.46,37.6,71,2800.76,2527.46,4,No Review
CUST000335,Muhammad Davies,Retail,Singapore,7,0,0,-0.0754,82.44,35.57,65,355.3,88.18,2,No Review
CUST000432,Leo Hall,Retail,Pakistan,5,0,0,-0.0768,82.42,43.8,71,368.38,242.08,1,No Review
CUST000314,Maya Hall,Retail,Italy,7,0,0,-0.0744,82.4,35.43,63,208.51,50.76,2,No Review
CUST000678,Ethan Davies,Retail,Netherlands,8,0,0,-0.07,82.37,24.38,48,489.02,169.07,1,No Review
CUST000242,Sophia Hall,Retail,Italy,10,0,0,-0.0808,82.32,17.5,39,318.88,116.67,0,No Review
CUST000589,James Miller,Retail,Germany,14,0,0,-0.0849,82.31,29.43,73,474.05,128.1,4,No Review
CUST000147,Lucas Wright,Retail,Italy,10,0,0,-0.1008,82.27,24.8,48,422.36,173.33,0,No Review
CUST000737,Noah Walker,Retail,United States,6,0,0,-0.078,82.2,22.5,44,3829.72,3648.06,1,No Review
CUST000441,Adam Smith,SME,France,12,0,0,-0.0724,82.19,27.58,61,4738.87,2850.74,1,No Review
CUST000929,Mia Ahmed,Retail,Netherlands,10,0,0,-0.0929,82.16,25.8,48,482.7,92.4,1,No Review
CUST000118,Lucas Brown,Retail,United Kingdom,9,0,0,-0.0627,81.97,59.0,91,4533.64,4021.69,7,No Review
CUST000228,Mia Green,Retail,United Kingdom,13,0,0,-0.0935,81.92,27.23,53,820.61,162.88,3,No Review
CUST000041,Isabella Ali,Retail,Germany,10,0,0,-0.0858,81.85,30.3,71,450.16,148.19,3,No Review
CUST000856,Amelia Ahmed,Retail,Spain,8,0,0,-0.0793,81.83,33.12,49,266.04,62.64,3,No Review
CUST000443,Mia Hall,Retail,Spain,10,0,0,-0.0846,81.77,33.0,82,14201.53,10719.5,3,No Review
CUST000840,Mia Ahmed,Retail,United Kingdom,8,0,0,-0.0728,81.75,29.0,53,7541.19,7129.74,0,No Review
CUST000196,Fatima Wright,Retail,Italy,12,0,0,-0.078,81.68,25.25,61,4941.73,4026.6,2,No Review
CUST000896,Oliver Miller,Corporate,Germany,7,0,0,-0.0641,81.63,24.57,56,529.7,294.33,1,No Review
CUST000245,Amelia Robinson,Retail,India,9,0,0,-0.0716,81.6,22.11,48,767.29,237.24,1,No Review
CUST000551,Maya Davies,Retail,Spain,10,0,0,-0.0911,81.58,15.7,39,517.47,132.17,0,No Review
CUST000749,Leo Wilson,Retail,United Arab Emirates,15,0,0,-0.0813,81.45,20.13,44,5146.9,4477.33,1,No Review
CUST000671,Noah Davies,Retail,Singapore,13,0,0,-0.0843,81.3,21.31,48,1630.89,968.93,1,No Review
CUST000261,Ethan Davies,Retail,Germany,13,0,0,-0.0945,81.23,18.46,43,835.35,244.15,0,No Review
CUST000650,Isabella Thomas,Retail,Netherlands,15,0,0,-0.0868,81.17,33.27,59,1106.54,326.95,5,No Review
CUST000582,Lucas Hall,Retail,Pakistan,12,0,0,-0.0876,81.09,20.67,38,501.84,105.42,0,No Review
CUST000157,Noah Davies,Retail,United States,15,0,0,-0.0806,81.0,21.53,49,1103.14,233.29,2,No Review
CUST000898,Isabella Walker,Corporate,Spain,5,0,0,-0.0573,80.99,27.8,66,352.75,247.5,1,No Review
CUST000283,Amelia Patel,Retail,France,8,0,0,-0.0947,80.93,32.88,83,425.39,150.04,2,No Review
CUST000209,Muhammad Hall,SME,Canada,8,0,0,-0.0667,80.92,27.62,52,750.62,261.63,3,No Review
CUST000872,Maya Thomas,Retail,United Arab Emirates,11,0,0,-0.0816,80.89,28.55,53,9998.37,8429.64,0,No Review
CUST000219,Aisha Davies,Retail,Singapore,4,0,0,-0.0904,80.82,14.5,33,251.9,139.68,0,No Review
CUST000939,Ethan Brown,Retail,Canada,14,0,0,-0.0812,80.77,28.57,53,7791.22,7167.79,1,No Review
CUST000340,Lucas Green,Retail,United Kingdom,6,0,0,-0.0618,80.75,52.0,63,319.71,110.31,6,No Review
CUST000805,Aisha Green,Retail,Singapore,9,0,0,-0.0904,80.67,28.0,83,389.25,244.18,0,No Review
CUST000753,Isabella Green,Retail,United Kingdom,9,0,0,-0.0831,80.63,26.67,48,997.18,835.12,1,No Review
CUST000436,Noah Smith,Retail,France,10,0,0,-0.0881,80.42,21.2,44,751.89,296.6,1,No Review
CUST000983,Fatima Brown,Corporate,Italy,6,0,0,-0.0567,80.4,27.5,48,2958.76,2189.76,1,No Review
CUST000112,Daniel Thomas,Retail,Canada,8,0,0,-0.0747,80.39,56.88,100,304.67,86.53,5,No Review
CUST000383,Ali Brown,SME,Italy,9,0,0,-0.0685,80.36,24.22,43,2629.98,1267.94,0,No Review
CUST000658,Sophia Davies,Retail,France,13,0,0,-0.0658,80.3,50.62,86,841.14,220.5,12,No Review
CUST000854,Hannah Patel,Retail,India,12,0,0,-0.074,80.21,30.33,79,1747.27,1460.63,1,No Review
CUST000502,Ali Patel,Retail,United Kingdom,11,0,0,-0.083,80.16,25.0,43,558.63,121.18,0,No Review
CUST000248,Hannah Green,Retail,Germany,7,0,0,-0.0793,80.11,26.14,56,447.59,179.57,1,No Review
CUST000796,Oliver Green,Retail,Italy,10,0,0,-0.0932,80.07,20.3,38,402.56,81.15,0,No Review
CUST000388,Zara Ali,Retail,Singapore,10,0,0,-0.0751,80.05,31.3,83,7662.8,6796.72,1,No Review
CUST000435,Noah Ali,SME,Italy,9,0,0,-0.0671,80.03,28.22,56,507.69,200.22,1,No Review
CUST000429,Oliver Jones,Retail,Spain,11,0,0,-0.0863,79.94,36.55,60,749.11,140.74,2,No Review
CUST000127,Zara Patel,Retail,Italy,13,0,0,-0.0856,79.9,24.46,56,877.89,479.5,1,No Review
CUST000084,Zara Green,Retail,Singapore,7,0,0,-0.0819,79.83,20.14,38,2975.75,1735.07,0,No Review
CUST000994,Lucas Wright,Retail,France,10,0,0,-0.0764,79.82,34.1,58,10456.29,8289.59,2,No Review
CUST000964,Aisha Green,Retail,Pakistan,13,0,0,-0.0762,79.79,20.31,48,499.19,131.76,1,No Review
CUST000046,Maya Davies,Retail,Netherlands,11,0,0,-0.0764,79.75,23.91,67,492.69,171.18,2,No Review
CUST000035,Fatima Green,Retail,United Kingdom,12,0,0,-0.0906,79.73,24.67,53,636.72,151.49,1,No Review
CUST000140,Hannah Smith,Retail,Germany,7,0,0,-0.091,79.64,26.14,56,813.67,358.4,1,No Review
CUST000437,Amelia Jones,Retail,France,9,0,0,-0.0919,79.35,32.11,56,427.95,83.07,1,No Review
CUST000282,Hannah Khan,Retail,United Kingdom,7,0,0,-0.0841,79.34,26.29,43,292.67,73.5,0,No Review
CUST000363,Ali Smith,SME,Pakistan,8,0,0,-0.0729,79.25,23.12,38,514.94,200.97,0,No Review
CUST000074,Zara Clarke,Retail,Canada,12,0,0,-0.0837,79.23,22.83,43,931.24,503.1,1,No Review
CUST000454,Amelia Taylor,Retail,Italy,13,0,0,-0.0913,79.18,36.54,52,626.51,157.94,2,No Review
CUST000703,Amelia Ahmed,Retail,United Kingdom,16,0,0,-0.0769,79.09,29.81,66,1047.68,327.16,4,No Review
CUST000524,Amelia Thomas,SME,Germany,12,0,0,-0.0787,79.05,27.75,67,517.03,221.07,2,No Review
CUST000021,Daniel Brown,Retail,Canada,11,0,0,-0.0885,78.96,25.18,49,359.59,95.23,2,No Review
CUST000251,Amelia Taylor,SME,Canada,9,0,0,-0.0666,78.95,35.0,56,561.01,209.41,3,No Review
CUST000467,Noah Green,Retail,Italy,9,0,0,-0.0922,78.94,31.89,61,459.28,86.32,1,No Review
CUST000916,Leo Green,SME,Italy,16,0,0,-0.0777,78.92,23.88,66,1200.59,259.78,3,No Review
CUST000135,Noah Ali,Retail,Germany,15,0,0,-0.0797,78.87,28.73,83,935.7,173.15,2,No Review
CUST000751,Lucas Ali,SME,United Kingdom,10,0,0,-0.0621,78.74,29.3,61,291.18,119.04,3,No Review
CUST000739,Grace Wilson,Retail,India,10,0,0,-0.0926,78.69,22.2,43,245.5,44.04,0,No Review
CUST000308,Fatima Taylor,Retail,Germany,10,0,0,-0.0989,78.68,25.7,43,412.69,122.24,0,No Review
CUST000701,Sophia Ali,Retail,Italy,18,0,0,-0.0801,78.62,32.72,88,4057.87,3135.37,3,No Review
CUST000694,Daniel Wilson,Retail,India,11,0,0,-0.0771,78.61,27.09,71,634.78,131.23,2,No Review
CUST000525,Ali Young,Retail,Netherlands,18,0,0,-0.0874,78.58,29.28,69,1073.38,174.67,4,No Review
CUST000802,Maya Young,Retail,Singapore,9,0,0,-0.0855,78.5,34.0,73,346.01,95.13,2,No Review
CUST000097,Muhammad Khan,Retail,Canada,6,0,0,-0.0896,78.35,16.33,28,477.38,277.08,0,No Review
CUST000559,Isabella Green,Retail,Netherlands,11,0,0,-0.1,78.32,25.27,39,368.95,132.92,0,No Review
CUST000824,Sophia Khan,Retail,Netherlands,14,0,0,-0.0817,78.22,21.64,56,569.1,131.79,1,No Review
CUST000197,Ethan Hussain,Retail,Canada,8,0,0,-0.0838,78.18,28.25,56,504.16,323.29,1,No Review
CUST000344,Adam Hall,Retail,Italy,11,0,0,-0.0881,77.87,32.73,73,552.59,112.04,2,No Review
CUST000625,Adam Robinson,Retail,United States,13,0,0,-0.0887,77.86,29.62,60,770.91,231.99,1,No Review
CUST000192,Mia Davies,Retail,Italy,10,0,0,-0.0935,77.63,23.0,53,4632.01,3854.45,2,No Review
CUST000626,Noah Robinson,Retail,Canada,10,0,0,-0.0923,77.51,29.9,62,2074.34,1623.44,2,No Review
CUST000356,Hannah Hussain,Retail,United States,8,0,0,-0.0853,77.44,31.12,55,690.85,283.4,2,No Review
CUST000510,James Robinson,Retail,Netherlands,10,0,0,-0.0888,77.43,30.7,57,535.73,97.94,2,No Review
CUST000374,Daniel Wright,Retail,Pakistan,9,0,0,-0.0762,77.41,21.89,65,659.34,213.89,0,No Review
CUST000448,Oliver Brown,Retail,United Arab Emirates,10,0,0,-0.0739,77.32,28.0,56,518.44,139.57,2,No Review
CUST000357,Adam Young,Retail,United Kingdom,6,0,0,-0.0905,77.22,25.83,38,2409.07,2058.38,0,No Review
CUST000538,Daniel Robinson,Retail,Singapore,7,0,0,-0.0877,77.14,35.57,56,506.82,280.3,2,No Review
CUST000507,Lucas Miller,Retail,Italy,11,0,0,-0.082,77.05,24.18,48,3902.1,3354.01,2,No Review
CUST000986,Hannah Khan,Retail,Canada,9,0,0,-0.0855,77.0,27.78,60,1066.42,513.89,1,No Review
CUST000174,Grace Taylor,Retail,Singapore,12,0,0,-0.0902,76.94,36.25,88,527.23,117.59,1,No Review
CUST000915,Mia Ahmed,Retail,Canada,9,0,0,-0.0954,76.83,28.89,43,419.74,124.07,0,No Review
CUST000607,Aisha Smith,Retail,Canada,19,0,0,-0.0904,76.77,28.16,56,4048.08,3210.73,3,No Review
CUST000831,Zara Wilson,Retail,United Arab Emirates,7,0,0,-0.0745,76.63,19.14,28,395.21,249.29,0,No Review
CUST000164,Ethan Smith,SME,Spain,12,0,0,-0.0679,76.57,31.75,56,1892.81,770.1,4,No Review
CUST000601,Noah Davies,Retail,Germany,12,0,0,-0.0742,76.5,25.25,52,1006.78,285.58,2,No Review
CUST000619,Mia Smith,Retail,France,8,0,0,-0.0799,76.36,25.25,71,1308.22,704.72,1,No Review
CUST000257,Lucas Green,Retail,Netherlands,10,0,0,-0.0668,76.32,50.5,73,1873.35,1031.28,6,No Review
CUST000949,Amelia Wilson,Corporate,France,8,0,0,-0.07,76.31,30.75,52,1231.27,479.8,1,No Review
CUST000605,Ali Wilson,Retail,France,13,0,0,-0.0747,76.1,23.77,44,1207.16,463.77,1,No Review
CUST000587,James Hall,Retail,Netherlands,13,0,0,-0.093,76.09,20.46,43,993.64,610.73,0,No Review
CUST000405,Daniel Walker,Retail,France,11,0,0,-0.0825,76.08,32.27,78,4369.56,2347.09,1,No Review
CUST000455,Leo Patel,Retail,United States,11,0,0,-0.0784,76.01,20.27,60,1063.27,329.05,0,No Review
CUST000082,Amelia Hall,Retail,Italy,14,0,0,-0.098,75.97,24.71,56,2862.95,1425.49,1,No Review
CUST000857,Grace Brown,Retail,Canada,9,0,0,-0.0777,75.94,27.56,61,525.73,183.97,2,No Review
CUST000654,Sophia Hall,Retail,India,9,0,0,-0.0777,75.84,39.22,93,7542.48,7088.15,3,No Review
CUST000557,Sophia Miller,SME,United States,7,0,0,-0.0626,75.8,48.14,68,703.8,232.32,4,No Review
CUST000451,Ali Robinson,Retail,Singapore,2,0,0,-0.0521,75.74,34.0,48,43.67,28.46,1,No Review
CUST000763,Ali Miller,Retail,Spain,11,0,0,-0.0848,75.73,25.0,53,524.95,106.05,1,No Review
CUST000286,Daniel Miller,Retail,United States,11,0,0,-0.0839,75.65,23.64,56,539.4,197.26,3,No Review
CUST000081,Adam Smith,SME,Canada,11,0,0,-0.0683,75.63,33.82,65,621.94,153.11,2,No Review
CUST000616,Oliver Hall,Retail,Germany,10,0,0,-0.0991,75.56,19.5,43,451.91,134.18,0,No Review
CUST000039,Aisha Wilson,Retail,Italy,13,0,0,-0.0877,75.44,29.31,88,850.79,234.31,0,No Review
CUST000337,Ali Brown,Retail,Turkey,7,0,0,-0.0606,75.39,34.14,56,234.94,62.73,1,No Review
CUST000566,Sophia Wilson,Retail,Turkey,11,0,0,-0.0652,75.3,35.36,56,433.43,165.86,4,No Review
CUST000624,Ali Clarke,Retail,Germany,18,0,0,-0.0985,75.2,25.22,52,1082.15,193.25,2,No Review
CUST000323,Maya Smith,Retail,France,9,0,0,-0.0796,75.12,40.78,94,2980.84,2089.17,3,No Review
CUST000907,Zara Walker,Retail,United States,11,0,0,-0.0946,75.1,27.55,66,2345.73,2034.23,1,No Review
CUST000130,Lucas Brown,Retail,Spain,6,0,0,-0.0821,75.02,34.67,49,198.58,72.47,1,No Review
CUST000873,Aisha Walker,Retail,Spain,10,0,0,-0.0852,74.94,19.6,57,806.54,408.55,1,No Review
CUST000003,Mia Hussain,SME,United States,6,0,0,-0.0616,74.88,24.33,57,3473.21,3084.69,1,No Review
CUST000464,Grace Robinson,Retail,Canada,7,0,0,-0.0788,74.78,31.43,56,510.18,166.55,1,No Review
CUST000351,Sophia Smith,Retail,United Kingdom,7,0,0,-0.101,74.57,20.29,43,205.89,69.94,0,No Review
CUST000424,Ethan Ahmed,Retail,Singapore,12,0,0,-0.0807,74.27,22.25,43,1565.17,1287.62,2,No Review
CUST000125,Amelia Hall,Retail,Netherlands,10,0,0,-0.085,74.21,30.0,56,9635.79,9140.56,2,No Review
CUST000852,Lucas Robinson,Retail,Germany,7,0,0,-0.0816,74.17,31.43,83,128.47,39.63,1,No Review
CUST000019,Noah Khan,Retail,Nigeria,8,0,0,-0.0663,74.06,49.5,62,367.13,88.45,5,No Review
CUST000835,Ethan Smith,Retail,Germany,7,0,0,-0.0989,74.03,21.14,44,337.63,106.21,1,No Review
CUST000971,Maya Wilson,Retail,Italy,8,0,0,-0.0961,73.89,25.25,52,514.39,220.6,1,No Review
CUST000881,Lucas Hussain,Retail,United Arab Emirates,4,0,0,-0.0569,73.79,27.75,53,2132.17,1775.09,1,No Review
CUST000985,Mia Ali,Retail,United Arab Emirates,12,0,0,-0.0757,73.61,27.42,60,4134.65,3410.46,1,No Review
CUST000526,Grace Davies,Retail,United Kingdom,9,0,0,-0.0892,73.52,41.44,93,5787.05,5520.02,3,No Review
CUST000444,Sophia Khan,Retail,Netherlands,9,0,0,-0.0912,73.5,28.89,53,278.24,76.85,1,No Review
CUST000877,Lucas Hussain,SME,United States,14,0,0,-0.0762,73.47,27.71,61,1014.77,215.35,2,No Review
CUST000304,Ali Wilson,SME,Canada,4,0,0,-0.0668,73.36,43.75,65,592.19,473.47,1,No Review
CUST000494,Ethan Ahmed,Retail,Spain,12,0,0,-0.0854,73.29,36.58,83,6029.29,5514.11,0,No Review
CUST000811,James Smith,Retail,Nigeria,8,0,0,-0.0709,73.07,40.12,57,3164.59,2649.67,5,No Review
CUST000858,Ethan Taylor,Retail,Spain,12,0,0,-0.0802,73.03,28.25,48,6579.79,5796.83,1,No Review
CUST000060,Amelia Thomas,Retail,United Arab Emirates,7,0,0,-0.0641,72.77,28.43,83,218.12,110.73,1,No Review
CUST000535,Zara Clarke,Retail,Turkey,8,0,0,-0.0735,72.7,40.12,100,300.52,124.87,3,No Review
CUST000675,Mia Patel,Retail,Netherlands,7,0,0,-0.0864,72.54,38.57,88,298.71,119.52,2,No Review
CUST000427,Leo Clarke,Retail,United Kingdom,10,0,0,-0.0781,72.53,18.9,39,247.28,103.25,0,No Review
CUST000490,Daniel Wright,Retail,United Kingdom,7,0,0,-0.0892,72.38,32.57,60,618.18,276.6,0,No Review
CUST000023,Noah Patel,Retail,France,12,0,0,-0.0783,72.18,22.0,43,879.72,311.77,0,No Review
CUST000334,Lucas Jones,Retail,United States,6,0,0,-0.0863,72.17,24.33,76,5892.57,5588.08,1,No Review
CUST000615,James Taylor,Retail,United Kingdom,11,0,0,-0.0879,72.02,17.09,38,749.59,364.64,0,No Review
CUST000220,Sophia Brown,Retail,India,4,0,0,-0.0605,71.9,28.25,44,151.85,72.64,1,No Review
CUST000843,Daniel Green,Retail,Pakistan,6,0,0,-0.0665,71.8,33.5,83,829.78,511.15,0,No Review
CUST000229,Noah Young,Retail,United Arab Emirates,8,0,0,-0.0843,71.53,28.25,43,325.26,85.84,0,No Review
CUST000377,Mia Clarke,Retail,United Kingdom,7,0,0,-0.0826,71.49,30.29,52,7923.4,5111.26,1,No Review
CUST000301,Isabella Taylor,Retail,Singapore,8,0,0,-0.0997,71.46,21.88,43,220.58,51.74,0,No Review
CUST000883,Oliver Clarke,Retail,United States,6,0,0,-0.0996,71.44,26.5,57,2384.0,2290.88,1,No Review
CUST000114,Sophia Taylor,Retail,Italy,9,0,0,-0.0747,71.31,29.22,83,631.78,228.48,1,No Review
CUST000415,Zara Ali,Retail,United States,8,0,0,-0.0783,71.25,30.38,62,3703.98,2811.53,3,No Review
CUST000132,Fatima Walker,Retail,Canada,14,0,0,-0.0941,71.21,22.5,49,3736.66,3148.56,2,No Review
CUST000121,Daniel Miller,Retail,Canada,11,0,0,-0.085,71.2,35.91,88,1888.71,1313.28,1,No Review
CUST000984,Mia Patel,Retail,United Kingdom,14,0,0,-0.0812,71.18,35.0,65,731.24,182.87,4,No Review
CUST000736,James Davies,Retail,Spain,12,0,0,-0.0731,70.88,32.67,98,965.63,333.57,3,No Review
CUST000366,Sophia Jones,Retail,United Kingdom,11,0,0,-0.0949,70.55,18.82,44,755.07,373.38,1,No Review
CUST000554,Oliver Young,Retail,Canada,7,0,0,-0.0873,70.45,35.43,55,269.66,96.1,2,No Review
CUST000922,Fatima Young,Retail,Nigeria,7,0,0,-0.0706,70.21,47.29,73,301.62,129.76,3,No Review
CUST000491,Grace Brown,Retail,France,8,0,0,-0.0891,70.03,24.12,60,741.61,318.38,0,No Review
CUST000547,Mia Clarke,Retail,Canada,12,0,0,-0.0826,69.97,27.67,83,1943.73,1247.7,0,No Review
CUST000567,Aisha Young,Retail,France,8,0,0,-0.0612,69.95,29.12,39,588.89,180.22,0,No Review
CUST000677,Lucas Wilson,Retail,France,8,0,0,-0.0777,69.81,34.62,89,383.19,171.27,1,No Review
CUST000565,Hannah Smith,Retail,United Kingdom,7,0,0,-0.0785,69.39,36.14,57,400.5,121.56,3,No Review
CUST000784,Aisha Hall,Retail,Germany,8,0,0,-0.099,69.33,24.5,43,1838.14,1462.93,0,No Review
CUST000227,Ethan Patel,Retail,India,4,0,0,-0.0654,69.26,19.5,34,122.46,58.88,0,No Review
CUST000960,Aisha Wright,Retail,France,16,0,0,-0.0842,69.16,23.44,43,2340.53,1775.1,0,No Review
CUST000226,James Green,Retail,Singapore,3,0,0,-0.0778,69.15,26.0,53,26.98,13.63,1,No Review
CUST000230,Amelia Thomas,Retail,Netherlands,7,0,0,-0.0974,69.06,17.29,28,217.66,55.54,0,No Review
CUST000891,Noah Thomas,Retail,Germany,8,0,0,-0.0825,69.05,27.5,61,475.82,192.76,2,No Review
CUST000762,Ali Brown,Retail,Pakistan,10,0,0,-0.0889,69.04,31.9,48,426.38,82.18,2,No Review
CUST000239,Zara Walker,Retail,Turkey,8,0,0,-0.071,68.95,38.75,62,526.78,184.39,3,No Review
CUST000413,Leo Ali,Retail,United States,3,0,0,-0.0528,68.69,60.33,69,927.79,860.72,3,No Review
CUST000326,Isabella Jones,Retail,Spain,9,0,0,-0.0893,68.66,23.33,49,436.36,154.67,1,No Review
CUST000917,Daniel Jones,SME,Italy,8,0,0,-0.0721,68.64,25.38,52,392.64,211.09,1,No Review
CUST000542,Oliver Robinson,Retail,India,10,0,0,-0.0806,68.62,25.8,48,535.05,144.85,2,No Review
CUST000867,Fatima Hussain,Retail,Singapore,10,0,0,-0.0948,68.57,20.6,45,1211.25,683.53,0,No Review
CUST000038,Oliver Brown,Retail,Italy,10,0,0,-0.1001,68.54,26.9,61,592.2,161.94,1,No Review
CUST000128,Oliver Thomas,Retail,United States,9,0,0,-0.0919,68.5,20.22,48,400.8,147.4,1,No Review
CUST000845,Oliver Brown,Retail,Italy,8,0,0,-0.0987,68.49,17.62,43,4381.58,4068.1,0,No Review
CUST000428,Grace Wright,Retail,Pakistan,13,0,0,-0.0724,68.36,32.69,55,629.44,130.57,1,No Review
CUST000295,Lucas Taylor,Retail,Nigeria,2,0,0,-0.071,68.22,67.0,78,45.59,42.68,1,No Review
CUST000381,Ali Ali,Retail,Canada,8,0,0,-0.092,68.18,29.88,55,396.95,115.18,0,No Review
CUST000216,Maya Smith,Retail,Singapore,6,0,0,-0.0977,68.07,27.0,48,156.91,62.39,2,No Review
CUST000564,Fatima Wilson,SME,Italy,9,0,0,-0.073,67.89,26.56,52,1895.92,1520.01,1,No Review
CUST000621,Fatima Wilson,Retail,Spain,9,0,0,-0.0857,67.8,36.33,62,2342.3,1847.4,4,No Review
CUST000265,Amelia Patel,Retail,Singapore,13,0,0,-0.0882,67.61,25.77,56,557.97,160.11,2,No Review
CUST000744,Oliver Walker,Retail,Singapore,12,0,0,-0.09,67.6,23.17,48,503.01,113.72,1,No Review
CUST000469,Leo Hall,Retail,Canada,10,0,0,-0.091,67.58,28.0,56,750.45,273.77,3,No Review
CUST000020,Ali Wilson,Retail,Germany,12,0,0,-0.0988,67.51,28.0,66,5237.27,4579.94,3,No Review
CUST000009,James Miller,Retail,Spain,13,0,0,-0.0939,66.89,24.0,61,525.88,95.47,2,No Review
CUST000838,Noah Wilson,Retail,Italy,12,0,0,-0.1002,66.47,33.25,53,579.64,196.11,3,No Review
CUST000927,Muhammad Hall,SME,Germany,6,0,0,-0.0766,66.38,27.33,56,257.94,59.86,1,No Review
CUST000645,Lucas Robinson,SME,France,7,0,0,-0.0774,66.34,28.14,38,803.93,282.73,0,No Review
CUST000468,Lucas Clarke,Retail,Spain,12,0,0,-0.092,66.33,28.33,83,516.19,166.57,1,No Review
CUST000195,Hannah Miller,Retail,Germany,7,0,0,-0.1009,66.24,12.86,25,645.82,241.68,0,No Review
CUST000434,Noah Patel,Retail,France,11,0,0,-0.0994,66.18,29.55,88,1808.73,1521.51,0,No Review
CUST000504,Zara Wilson,Retail,Germany,9,0,0,-0.0882,66.11,17.78,38,478.02,239.08,0,No Review
CUST000320,Noah Jones,Retail,Canada,5,0,0,-0.0801,65.68,22.4,39,2063.19,1979.81,0,No Review
CUST000173,Ethan Patel,Retail,Spain,7,0,0,-0.095,65.45,14.0,33,2822.86,1188.49,0,No Review
CUST000727,Fatima Patel,Retail,Canada,7,0,0,-0.0924,65.41,24.0,60,180.34,76.24,1,No Review
CUST000833,Lucas Thomas,SME,Canada,5,0,0,-0.0754,65.28,37.0,56,150.3,78.56,2,No Review
CUST000096,Muhammad Taylor,SME,Germany,12,0,0,-0.0811,65.2,29.83,57,962.69,269.26,3,No Review
CUST000800,Aisha Robinson,Retail,Spain,16,0,0,-0.1014,65.0,21.31,48,1909.16,1072.11,2,No Review
CUST000098,Oliver Jones,Retail,Netherlands,9,0,0,-0.0864,64.69,26.22,43,1030.28,354.49,0,No Review
CUST000269,Oliver Clarke,Retail,Netherlands,6,0,0,-0.0909,64.6,23.17,38,296.44,116.64,0,No Review
CUST000395,Zara Young,Retail,Singapore,12,0,0,-0.0846,64.38,27.08,84,752.4,244.98,0,No Review
CUST000108,Noah Clarke,Retail,United States,10,0,0,-0.0949,64.37,30.3,56,391.04,107.63,2,No Review
CUST000503,Amelia Wright,Retail,Spain,20,0,0,-0.0875,64.35,20.25,39,1355.4,256.0,0,No Review
CUST000613,James Miller,Retail,Italy,9,0,0,-0.0903,64.3,34.22,60,292.41,57.99,2,No Review
CUST000790,Zara Brown,Retail,Singapore,7,0,0,-0.0923,64.01,35.86,52,293.53,94.19,3,No Review
CUST000795,Ali Hussain,Retail,France,13,0,0,-0.0931,63.77,32.38,43,595.28,181.03,0,No Review
CUST000864,Ali Patel,Retail,France,7,0,0,-0.0776,63.66,30.71,56,467.93,231.98,2,No Review
CUST000523,Oliver Smith,Retail,Turkey,3,0,0,-0.0605,63.62,50.33,62,120.08,89.73,2,No Review
CUST000103,Sophia Young,Retail,United Arab Emirates,13,0,0,-0.0751,63.47,21.62,56,905.61,367.1,2,No Review
CUST000129,James Patel,Retail,France,10,0,0,-0.0946,63.39,26.3,55,376.57,102.68,1,No Review
CUST000980,Leo Taylor,Retail,Netherlands,5,0,0,-0.1012,63.1,30.0,48,3281.88,3131.82,2,No Review
CUST000199,Ethan Ahmed,Retail,Germany,9,0,0,-0.0899,62.97,30.22,49,290.29,103.72,2,No Review
CUST000779,Grace Ahmed,Retail,India,8,0,0,-0.095,62.9,21.75,48,1300.29,929.72,1,No Review
CUST000107,Zara Khan,Retail,Spain,7,0,0,-0.0915,62.81,24.14,56,302.89,78.72,1,No Review
CUST000198,Sophia Clarke,Retail,Spain,13,0,0,-0.0899,62.72,20.0,38,1023.08,578.05,0,No Review
CUST000515,Noah Ali,Retail,Canada,18,0,0,-0.0961,61.54,26.61,56,1446.74,442.39,3,No Review
CUST000643,Maya Patel,Retail,Germany,6,0,0,-0.0998,61.11,17.83,62,202.54,91.76,1,No Review
CUST000781,James Ali,Retail,Germany,9,0,0,-0.0889,60.84,26.67,57,506.69,145.06,1,No Review
CUST000640,Isabella Taylor,Retail,Singapore,10,0,0,-0.0958,60.79,17.1,48,1334.51,677.34,1,No Review
CUST000418,Ethan Khan,Retail,France,14,0,0,-0.0948,60.72,26.0,49,958.56,195.67,1,No Review
CUST000876,Zara Clarke,Retail,United States,7,0,0,-0.0921,60.45,43.57,58,541.29,254.99,3,No Review
CUST000747,Adam Young,Retail,Italy,5,0,0,-0.0895,59.91,22.2,38,3249.96,2960.43,0,No Review
CUST000488,Maya Ahmed,Retail,Singapore,8,0,0,-0.0842,59.77,30.12,79,411.68,111.94,1,No Review
CUST000214,Sophia Hall,Retail,Italy,7,0,0,-0.0953,59.65,13.43,39,1141.59,937.38,0,No Review
CUST000815,Aisha Young,Retail,United Arab Emirates,13,0,0,-0.0895,59.29,24.92,48,677.64,137.75,1,No Review
CUST000716,Noah Wright,Retail,Germany,8,0,0,-0.095,59.24,21.75,38,4941.46,2462.92,0,No Review
CUST000950,Noah Taylor,Retail,Netherlands,6,0,0,-0.091,59.21,32.83,48,440.75,180.27,1,No Review
CUST000622,Adam Patel,Retail,United Kingdom,9,0,0,-0.0933,58.47,26.89,53,7115.97,6268.97,2,No Review
CUST000250,Fatima Hussain,Retail,France,6,0,0,-0.0947,58.43,21.5,38,219.53,106.88,0,No Review
CUST000568,Noah Jones,Retail,Singapore,8,0,0,-0.0867,58.32,31.75,71,456.1,120.36,2,No Review
CUST000268,Fatima Wright,Retail,Germany,9,0,0,-0.089,58.21,18.0,43,348.54,170.38,0,No Review
CUST000822,Oliver Khan,Retail,United States,11,0,0,-0.0908,58.13,22.82,44,732.41,280.68,1,No Review
CUST000545,James Ali,Retail,France,10,0,0,-0.1001,57.87,28.6,61,540.1,163.48,2,No Review
CUST000623,Ethan Green,Retail,Germany,7,0,0,-0.0952,57.85,30.29,43,468.96,180.04,0,No Review
CUST000730,James Clarke,Retail,United Kingdom,5,0,0,-0.0773,57.53,25.8,38,1063.65,616.67,0,No Review
CUST000004,Daniel Patel,Retail,France,9,0,0,-0.0936,56.98,28.11,55,399.71,114.13,1,No Review
CUST000206,Amelia Wilson,SME,France,6,0,0,-0.0832,56.34,17.33,34,190.47,94.93,0,No Review
CUST000869,Zara Wright,Retail,Singapore,9,0,0,-0.0906,56.31,33.67,88,582.07,155.55,2,No Review
CUST000002,Maya Wilson,Retail,United States,7,0,0,-0.0944,56.23,22.86,48,430.03,163.71,1,No Review
CUST000465,Leo Hussain,Retail,India,8,0,0,-0.0841,56.04,22.62,52,256.84,64.06,2,No Review
CUST000162,Hannah Clarke,Retail,Italy,7,0,0,-0.0955,55.46,34.71,71,211.08,46.46,1,No Review
CUST000506,Isabella Jones,Retail,Netherlands,6,0,0,-0.0861,55.22,19.0,39,149.74,38.78,0,No Review
CUST000215,James Green,Retail,United States,7,0,0,-0.1074,55.2,29.43,66,3528.32,3365.83,1,No Review
CUST000686,Sophia Davies,Retail,Germany,5,0,0,-0.0788,53.93,35.6,66,233.38,66.83,2,No Review
CUST000492,Lucas Miller,Retail,United Arab Emirates,8,0,0,-0.0931,52.62,26.12,48,406.7,88.0,1,No Review
CUST000150,Lucas Thomas,Retail,France,9,0,0,-0.0921,52.05,22.67,56,234.37,106.52,1,No Review
CUST000086,Amelia Green,Retail,Spain,10,0,0,-0.0965,51.81,12.8,33,2810.8,2415.19,0,No Review
CUST000367,Lucas Clarke,Retail,United States,8,0,0,-0.0924,51.67,27.5,65,841.87,589.91,1,No Review
CUST000417,Zara Khan,Retail,Spain,6,0,0,-0.1001,51.53,15.5,38,332.66,122.99,0,No Review
CUST000263,Grace Jones,Retail,Spain,8,0,0,-0.0963,51.5,20.0,52,588.25,253.45,1,No Review
CUST000361,Daniel Clarke,Retail,France,10,0,0,-0.1022,50.94,20.1,38,866.1,264.13,0,No Review
CUST000394,Lucas Hall,Retail,United Kingdom,9,0,0,-0.0869,50.71,27.33,61,507.06,195.36,2,No Review
CUST000875,Fatima Wilson,Retail,Singapore,8,0,0,-0.0973,50.45,22.38,43,617.94,194.4,0,No Review
CUST000788,Grace Miller,Retail,France,10,0,0,-0.101,50.4,29.9,61,1034.78,482.85,2,No Review
CUST000036,Sophia Taylor,Retail,India,11,0,0,-0.095,48.81,22.18,43,1271.37,472.58,0,No Review
CUST000684,Daniel Hussain,Retail,Spain,12,0,0,-0.1037,48.4,21.5,53,468.28,93.46,1,No Review
CUST000079,Daniel Green,Retail,Spain,8,0,0,-0.0949,46.95,22.5,43,448.07,126.91,0,No Review
CUST000672,James Wilson,Retail,Spain,7,0,0,-0.1022,46.89,22.71,56,288.06,73.75,1,No Review
CUST000471,Adam Wilson,Retail,Germany,7,0,0,-0.0966,45.99,23.57,48,283.55,80.27,1,No Review
CUST000956,Fatima Wilson,Retail,Netherlands,8,0,0,-0.0924,45.86,24.12,43,635.05,296.84,0,No Review
CUST000659,Amelia Ali,Retail,Germany,13,0,0,-0.0991,45.8,21.85,61,829.77,213.36,1,No Review
CUST000440,Daniel Khan,Retail,United States,2,0,0,-0.1018,45.76,12.5,15,89.43,67.59,0,No Review
CUST000969,Adam Brown,Retail,Singapore,5,0,0,-0.1044,44.29,31.0,44,162.23,73.34,2,No Review
CUST000312,Zara Wright,Retail,Singapore,7,0,0,-0.0974,43.79,30.0,53,280.07,72.95,2,No Review
CUST000821,Noah Robinson,Retail,United Kingdom,3,0,0,-0.0979,42.49,34.33,83,434.62,340.87,0,No Review
CUST000511,Mia Walker,Retail,Spain,6,0,0,-0.0899,40.92,31.33,43,694.25,261.05,0,No Review
CUST000287,Mia Khan,Retail,France,10,0,0,-0.1081,40.44,21.0,48,676.84,211.62,1,No Review
CUST000364,Zara Wright,Retail,Netherlands,9,0,0,-0.1018,40.34,25.78,56,314.2,84.2,1,No Review
CUST000018,Zara Thomas,Retail,Spain,8,0,0,-0.0982,39.54,19.25,56,436.88,176.57,1,No Review
CUST000078,Muhammad Robinson,Retail,United Kingdom,5,0,0,-0.0985,38.85,33.4,61,162.28,62.66,2,No Review
CUST000143,Hannah Robinson,Retail,France,7,0,0,-0.1035,37.69,18.0,38,262.47,74.32,0,No Review
CUST000874,Zara Robinson,Retail,Netherlands,11,0,0,-0.1086,35.42,13.0,28,416.18,181.01,0,No Review
CUST000649,Noah Brown,Retail,France,9,0,0,-0.1015,35.39,25.11,52,503.93,234.04,1,No Review
CUST000338,Ethan Walker,Retail,Netherlands,7,0,0,-0.1126,33.42,20.86,38,248.01,145.94,0,No Review
CUST000768,Zara Robinson,Retail,Netherlands,6,0,0,-0.1114,27.56,22.17,49,495.17,195.66,1,No Review
CUST000849,Adam Jones,Retail,Singapore,5,0,0,-0.1047,27.51,23.2,38,606.88,268.1,0,No Review
CUST000115,Daniel Khan,Retail,France,7,0,0,-0.1083,26.59,24.14,39,332.13,107.57,0,No Review
CUST000360,Noah Green,Retail,Italy,3,0,0,-0.1057,26.22,13.33,15,481.89,381.33,0,No Review
CUST000903,Adam Davies,Retail,Canada,4,0,0,-0.1156,25.52,20.75,43,377.77,283.06,0,No Review
CUST000543,Maya Brown,Retail,Singapore,5,0,0,-0.1076,23.77,20.6,43,192.38,114.82,0,No Review
CUST000221,James Robinson,Retail,Germany,3,0,0,-0.115,12.55,11.67,15,378.68,168.48,0,No Review
