case_id,transaction_id,a_record_count,a_recon_references,a_source_systems,a_account_id,a_booking_date,a_amount,a_currency,a_status,b_record_count,b_recon_references,b_source_systems,b_account_id,b_booking_date,b_amount,b_currency,b_status,amount_difference,absolute_amount_difference,break_type,primary_break_category,is_break,severity,reconciliation_status,case_age_days,case_status,case_owner,recommended_action
REC-CASE-000001,TXN00000062,1,REC-A-TXN00000062,PaymentProcessorA,ACC000738,2026-06-13,142.06,GBP,Completed,2,REC-B-TXN00000062; REC-B-TXN00000062-DUP,CoreBankingB,ACC000738,2026-06-13,142.06,GBP,Completed,0.0,0.0,DUPLICATE_IN_B,DUPLICATE_IN_B,1,High,Break,22,Open,Senior Reconciliation Analyst,Review duplicate core banking records and confirm whether duplicate posting occurred.
REC-CASE-000002,TXN00000694,1,REC-A-TXN00000694,PaymentProcessorA,ACC001262,2026-03-19,51.81,GBP,Completed,2,REC-B-TXN00000694; REC-B-TXN00000694-DUP,CoreBankingB,ACC001262,2026-03-19,51.81,GBP,Completed,0.0,0.0,DUPLICATE_IN_B,DUPLICATE_IN_B,1,High,Break,108,Open,Senior Reconciliation Analyst,Review duplicate core banking records and confirm whether duplicate posting occurred.
REC-CASE-000003,TXN00001311,1,REC-A-TXN00001311,PaymentProcessorA,ACC000770,2026-02-23,1702.82,GBP,Completed,2,REC-B-TXN00001311; REC-B-TXN00001311-DUP,CoreBankingB,ACC000770,2026-02-23,1702.82,GBP,Completed,0.0,0.0,DUPLICATE_IN_B,DUPLICATE_IN_B,1,High,Break,132,Open,Senior Reconciliation Analyst,Review duplicate core banking records and confirm whether duplicate posting occurred.
REC-CASE-000004,TXN00001563,1,REC-A-TXN00001563,PaymentProcessorA,ACC000789,2026-05-28,85.86,GBP,Completed,2,REC-B-TXN00001563; REC-B-TXN00001563-DUP,CoreBankingB,ACC000789,2026-05-28,85.86,GBP,Completed,0.0,0.0,DUPLICATE_IN_B,DUPLICATE_IN_B,1,High,Break,38,Open,Senior Reconciliation Analyst,Review duplicate core banking records and confirm whether duplicate posting occurred.
REC-CASE-000005,TXN00001741,1,REC-A-TXN00001741,PaymentProcessorA,ACC000078,2026-02-08,183.5,GBP,Completed,2,REC-B-TXN00001741; REC-B-TXN00001741-DUP,CoreBankingB,ACC000078,2026-02-08,183.5,GBP,Completed,0.0,0.0,DUPLICATE_IN_B,DUPLICATE_IN_B,1,High,Break,147,Open,Senior Reconciliation Analyst,Review duplicate core banking records and confirm whether duplicate posting occurred.
REC-CASE-000006,TXN00001982,1,REC-A-TXN00001982,PaymentProcessorA,ACC000132,2026-03-12,33.01,GBP,Completed,2,REC-B-TXN00001982; REC-B-TXN00001982-DUP,CoreBankingB,ACC000132,2026-03-12,33.01,GBP,Completed,0.0,0.0,DUPLICATE_IN_B,DUPLICATE_IN_B,1,High,Break,115,Open,Senior Reconciliation Analyst,Review duplicate core banking records and confirm whether duplicate posting occurred.
REC-CASE-000007,TXN00002237,1,REC-A-TXN00002237,PaymentProcessorA,ACC001274,2026-04-28,85.55,GBP,Completed,2,REC-B-TXN00002237; REC-B-TXN00002237-DUP,CoreBankingB,ACC001274,2026-04-28,85.55,GBP,Completed,0.0,0.0,DUPLICATE_IN_B,DUPLICATE_IN_B,1,High,Break,68,Open,Senior Reconciliation Analyst,Review duplicate core banking records and confirm whether duplicate posting occurred.
REC-CASE-000008,TXN00002250,1,REC-A-TXN00002250,PaymentProcessorA,ACC000966,2026-01-16,21.63,GBP,Completed,2,REC-B-TXN00002250; REC-B-TXN00002250-DUP,CoreBankingB,ACC000966,2026-01-16,21.63,GBP,Completed,0.0,0.0,DUPLICATE_IN_B,DUPLICATE_IN_B,1,High,Break,170,Open,Senior Reconciliation Analyst,Review duplicate core banking records and confirm whether duplicate posting occurred.
REC-CASE-000009,TXN00002336,1,REC-A-TXN00002336,PaymentProcessorA,ACC001084,2026-06-26,13.2,GBP,Completed,2,REC-B-TXN00002336; REC-B-TXN00002336-DUP,CoreBankingB,ACC001084,2026-06-26,13.2,GBP,Completed,0.0,0.0,DUPLICATE_IN_B,DUPLICATE_IN_B,1,High,Break,9,Open,Senior Reconciliation Analyst,Review duplicate core banking records and confirm whether duplicate posting occurred.
REC-CASE-000010,TXN00003207,1,REC-A-TXN00003207,PaymentProcessorA,ACC001246,2026-05-26,179.44,GBP,Completed,2,REC-B-TXN00003207; REC-B-TXN00003207-DUP,CoreBankingB,ACC001246,2026-05-26,179.44,GBP,Completed,0.0,0.0,DUPLICATE_IN_B,DUPLICATE_IN_B,1,High,Break,40,Open,Senior Reconciliation Analyst,Review duplicate core banking records and confirm whether duplicate posting occurred.
REC-CASE-000011,TXN00003239,1,REC-A-TXN00003239,PaymentProcessorA,ACC000841,2026-01-05,258.08,EUR,Completed,2,REC-B-TXN00003239; REC-B-TXN00003239-DUP,CoreBankingB,ACC000841,2026-01-05,258.08,EUR,Completed,0.0,0.0,DUPLICATE_IN_B,DUPLICATE_IN_B,1,High,Break,181,Open,Senior Reconciliation Analyst,Review duplicate core banking records and confirm whether duplicate posting occurred.
REC-CASE-000012,TXN00003435,1,REC-A-TXN00003435,PaymentProcessorA,ACC000703,2026-03-08,90.38,EUR,Completed,2,REC-B-TXN00003435; REC-B-TXN00003435-DUP,CoreBankingB,ACC000703,2026-03-08,90.38,EUR,Completed,0.0,0.0,DUPLICATE_IN_B,DUPLICATE_IN_B,1,High,Break,119,Open,Senior Reconciliation Analyst,Review duplicate core banking records and confirm whether duplicate posting occurred.
REC-CASE-000013,TXN00004512,1,REC-A-TXN00004512,PaymentProcessorA,ACC001156,2026-04-26,20.56,GBP,Completed,2,REC-B-TXN00004512; REC-B-TXN00004512-DUP,CoreBankingB,ACC001156,2026-04-26,20.56,GBP,Completed,0.0,0.0,DUPLICATE_IN_B,DUPLICATE_IN_B,1,High,Break,70,Open,Senior Reconciliation Analyst,Review duplicate core banking records and confirm whether duplicate posting occurred.
REC-CASE-000014,TXN00005010,1,REC-A-TXN00005010,PaymentProcessorA,ACC000222,2026-05-18,63.82,GBP,Completed,2,REC-B-TXN00005010; REC-B-TXN00005010-DUP,CoreBankingB,ACC000222,2026-05-18,63.82,GBP,Completed,0.0,0.0,DUPLICATE_IN_B,DUPLICATE_IN_B,1,High,Break,48,Open,Senior Reconciliation Analyst,Review duplicate core banking records and confirm whether duplicate posting occurred.
REC-CASE-000015,TXN00005928,1,REC-A-TXN00005928,PaymentProcessorA,ACC001002,2026-01-28,25.23,GBP,Completed,2,REC-B-TXN00005928; REC-B-TXN00005928-DUP,CoreBankingB,ACC001002,2026-01-28,25.23,GBP,Completed,0.0,0.0,DUPLICATE_IN_B,DUPLICATE_IN_B,1,High,Break,158,Open,Senior Reconciliation Analyst,Review duplicate core banking records and confirm whether duplicate posting occurred.
REC-CASE-000016,TXN00005999,1,REC-A-TXN00005999,PaymentProcessorA,ACC001251,2026-04-04,121.43,GBP,Completed,2,REC-B-TXN00005999; REC-B-TXN00005999-DUP,CoreBankingB,ACC001251,2026-04-04,121.43,GBP,Completed,0.0,0.0,DUPLICATE_IN_B,DUPLICATE_IN_B,1,High,Break,92,Open,Senior Reconciliation Analyst,Review duplicate core banking records and confirm whether duplicate posting occurred.
REC-CASE-000017,TXN00006046,1,REC-A-TXN00006046,PaymentProcessorA,ACC000953,2026-05-19,96.27,GBP,Completed,2,REC-B-TXN00006046; REC-B-TXN00006046-DUP,CoreBankingB,ACC000953,2026-05-19,96.27,GBP,Completed,0.0,0.0,DUPLICATE_IN_B,DUPLICATE_IN_B,1,High,Break,47,Open,Senior Reconciliation Analyst,Review duplicate core banking records and confirm whether duplicate posting occurred.
REC-CASE-000018,TXN00006323,1,REC-A-TXN00006323,PaymentProcessorA,ACC000697,2026-02-02,148.71,GBP,Completed,2,REC-B-TXN00006323; REC-B-TXN00006323-DUP,CoreBankingB,ACC000697,2026-02-02,148.71,GBP,Completed,0.0,0.0,DUPLICATE_IN_B,DUPLICATE_IN_B,1,High,Break,153,Open,Senior Reconciliation Analyst,Review duplicate core banking records and confirm whether duplicate posting occurred.
REC-CASE-000019,TXN00006474,1,REC-A-TXN00006474,PaymentProcessorA,ACC000477,2026-05-27,104.42,GBP,Completed,2,REC-B-TXN00006474; REC-B-TXN00006474-DUP,CoreBankingB,ACC000477,2026-05-27,104.42,GBP,Completed,0.0,0.0,DUPLICATE_IN_B,DUPLICATE_IN_B,1,High,Break,39,Open,Senior Reconciliation Analyst,Review duplicate core banking records and confirm whether duplicate posting occurred.
REC-CASE-000020,TXN00006482,1,REC-A-TXN00006482,PaymentProcessorA,ACC000005,2026-01-22,22.22,USD,Completed,2,REC-B-TXN00006482; REC-B-TXN00006482-DUP,CoreBankingB,ACC000005,2026-01-22,22.22,USD,Completed,0.0,0.0,DUPLICATE_IN_B,DUPLICATE_IN_B,1,High,Break,164,Open,Senior Reconciliation Analyst,Review duplicate core banking records and confirm whether duplicate posting occurred.
REC-CASE-000021,TXN00007047,1,REC-A-TXN00007047,PaymentProcessorA,ACC000707,2026-04-19,101.66,GBP,Completed,2,REC-B-TXN00007047; REC-B-TXN00007047-DUP,CoreBankingB,ACC000707,2026-04-19,101.66,GBP,Completed,0.0,0.0,DUPLICATE_IN_B,DUPLICATE_IN_B,1,High,Break,77,Open,Senior Reconciliation Analyst,Review duplicate core banking records and confirm whether duplicate posting occurred.
REC-CASE-000022,TXN00008814,1,REC-A-TXN00008814,PaymentProcessorA,ACC000517,2026-05-16,124.03,GBP,Completed,2,REC-B-TXN00008814; REC-B-TXN00008814-DUP,CoreBankingB,ACC000517,2026-05-16,124.03,GBP,Completed,0.0,0.0,DUPLICATE_IN_B,DUPLICATE_IN_B,1,High,Break,50,Open,Senior Reconciliation Analyst,Review duplicate core banking records and confirm whether duplicate posting occurred.
REC-CASE-000023,TXN00008842,1,REC-A-TXN00008842,PaymentProcessorA,ACC000292,2026-06-23,120.44,GBP,Completed,2,REC-B-TXN00008842; REC-B-TXN00008842-DUP,CoreBankingB,ACC000292,2026-06-23,120.44,GBP,Completed,0.0,0.0,DUPLICATE_IN_B,DUPLICATE_IN_B,1,High,Break,12,Open,Senior Reconciliation Analyst,Review duplicate core banking records and confirm whether duplicate posting occurred.
REC-CASE-000024,TXN00008851,1,REC-A-TXN00008851,PaymentProcessorA,ACC000851,2026-06-18,48.07,GBP,Completed,2,REC-B-TXN00008851; REC-B-TXN00008851-DUP,CoreBankingB,ACC000851,2026-06-18,48.07,GBP,Completed,0.0,0.0,DUPLICATE_IN_B,DUPLICATE_IN_B,1,High,Break,17,Open,Senior Reconciliation Analyst,Review duplicate core banking records and confirm whether duplicate posting occurred.
REC-CASE-000025,TXN00008971,1,REC-A-TXN00008971,PaymentProcessorA,ACC000075,2026-02-07,7.64,GBP,Completed,2,REC-B-TXN00008971; REC-B-TXN00008971-DUP,CoreBankingB,ACC000075,2026-02-07,7.64,GBP,Completed,0.0,0.0,DUPLICATE_IN_B,DUPLICATE_IN_B,1,High,Break,148,Open,Senior Reconciliation Analyst,Review duplicate core banking records and confirm whether duplicate posting occurred.
REC-CASE-000026,TXN00009121,1,REC-A-TXN00009121,PaymentProcessorA,ACC000130,2026-03-16,2686.17,GBP,Completed,2,REC-B-TXN00009121; REC-B-TXN00009121-DUP,CoreBankingB,ACC000130,2026-03-16,2686.17,GBP,Completed,0.0,0.0,DUPLICATE_IN_B,DUPLICATE_IN_B,1,High,Break,111,Open,Senior Reconciliation Analyst,Review duplicate core banking records and confirm whether duplicate posting occurred.
REC-CASE-000027,TXN00009203,1,REC-A-TXN00009203,PaymentProcessorA,ACC000918,2026-04-14,22.93,GBP,Completed,2,REC-B-TXN00009203; REC-B-TXN00009203-DUP,CoreBankingB,ACC000918,2026-04-14,22.93,GBP,Completed,0.0,0.0,DUPLICATE_IN_B,DUPLICATE_IN_B,1,High,Break,82,Open,Senior Reconciliation Analyst,Review duplicate core banking records and confirm whether duplicate posting occurred.
REC-CASE-000028,TXN00009690,1,REC-A-TXN00009690,PaymentProcessorA,ACC000927,2026-02-12,15.99,GBP,Completed,2,REC-B-TXN00009690; REC-B-TXN00009690-DUP,CoreBankingB,ACC000927,2026-02-12,15.99,GBP,Completed,0.0,0.0,DUPLICATE_IN_B,DUPLICATE_IN_B,1,High,Break,143,Open,Senior Reconciliation Analyst,Review duplicate core banking records and confirm whether duplicate posting occurred.
REC-CASE-000029,TXN00009886,1,REC-A-TXN00009886,PaymentProcessorA,ACC000084,2026-02-22,9.66,GBP,Completed,2,REC-B-TXN00009886; REC-B-TXN00009886-DUP,CoreBankingB,ACC000084,2026-02-22,9.66,GBP,Completed,0.0,0.0,DUPLICATE_IN_B,DUPLICATE_IN_B,1,High,Break,133,Open,Senior Reconciliation Analyst,Review duplicate core banking records and confirm whether duplicate posting occurred.
REC-CASE-000030,TXN00009899,1,REC-A-TXN00009899,PaymentProcessorA,ACC000411,2026-04-01,35.41,GBP,Completed,2,REC-B-TXN00009899; REC-B-TXN00009899-DUP,CoreBankingB,ACC000411,2026-04-01,35.41,GBP,Completed,0.0,0.0,DUPLICATE_IN_B,DUPLICATE_IN_B,1,High,Break,95,Open,Senior Reconciliation Analyst,Review duplicate core banking records and confirm whether duplicate posting occurred.
REC-CASE-000031,EXTRA-TXN00000011,0,,,,,,,,1,REC-B-EXTRA-TXN00000011,CoreBankingB,ACC000746,2026-06-18,23.03,GBP,Completed,,,MISSING_IN_A,MISSING_IN_A,1,High,Break,17,Open,Senior Reconciliation Analyst,Investigate record present in core banking file but missing from payment processor file.
REC-CASE-000032,EXTRA-TXN00001248,0,,,,,,,,1,REC-B-EXTRA-TXN00001248,CoreBankingB,ACC000152,2026-01-05,98.7,USD,Completed,,,MISSING_IN_A,MISSING_IN_A,1,High,Break,181,Open,Senior Reconciliation Analyst,Investigate record present in core banking file but missing from payment processor file.
REC-CASE-000033,EXTRA-TXN00001288,0,,,,,,,,1,REC-B-EXTRA-TXN00001288,CoreBankingB,ACC000047,2026-02-15,56.65,GBP,Completed,,,MISSING_IN_A,MISSING_IN_A,1,High,Break,140,Open,Senior Reconciliation Analyst,Investigate record present in core banking file but missing from payment processor file.
REC-CASE-000034,EXTRA-TXN00001407,0,,,,,,,,1,REC-B-EXTRA-TXN00001407,CoreBankingB,ACC000151,2026-04-19,54.31,USD,Completed,,,MISSING_IN_A,MISSING_IN_A,1,High,Break,77,Open,Senior Reconciliation Analyst,Investigate record present in core banking file but missing from payment processor file.
REC-CASE-000035,EXTRA-TXN00001417,0,,,,,,,,1,REC-B-EXTRA-TXN00001417,CoreBankingB,ACC000178,2026-05-31,55.68,GBP,Completed,,,MISSING_IN_A,MISSING_IN_A,1,High,Break,35,Open,Senior Reconciliation Analyst,Investigate record present in core banking file but missing from payment processor file.
REC-CASE-000036,EXTRA-TXN00001517,0,,,,,,,,1,REC-B-EXTRA-TXN00001517,CoreBankingB,ACC001093,2026-06-18,115.43,GBP,Completed,,,MISSING_IN_A,MISSING_IN_A,1,High,Break,17,Open,Senior Reconciliation Analyst,Investigate record present in core banking file but missing from payment processor file.
REC-CASE-000037,EXTRA-TXN00001598,0,,,,,,,,1,REC-B-EXTRA-TXN00001598,CoreBankingB,ACC000316,2026-06-30,22.09,GBP,Completed,,,MISSING_IN_A,MISSING_IN_A,1,High,Break,5,Open,Senior Reconciliation Analyst,Investigate record present in core banking file but missing from payment processor file.
REC-CASE-000038,EXTRA-TXN00001619,0,,,,,,,,1,REC-B-EXTRA-TXN00001619,CoreBankingB,ACC001073,2026-04-04,48.58,GBP,Completed,,,MISSING_IN_A,MISSING_IN_A,1,High,Break,92,Open,Senior Reconciliation Analyst,Investigate record present in core banking file but missing from payment processor file.
REC-CASE-000039,EXTRA-TXN00001643,0,,,,,,,,1,REC-B-EXTRA-TXN00001643,CoreBankingB,ACC001160,2026-02-10,4.17,GBP,Completed,,,MISSING_IN_A,MISSING_IN_A,1,High,Break,145,Open,Senior Reconciliation Analyst,Investigate record present in core banking file but missing from payment processor file.
REC-CASE-000040,EXTRA-TXN00002426,0,,,,,,,,1,REC-B-EXTRA-TXN00002426,CoreBankingB,ACC000596,2026-05-03,59.3,GBP,Completed,,,MISSING_IN_A,MISSING_IN_A,1,High,Break,63,Open,Senior Reconciliation Analyst,Investigate record present in core banking file but missing from payment processor file.
REC-CASE-000041,EXTRA-TXN00003498,0,,,,,,,,1,REC-B-EXTRA-TXN00003498,CoreBankingB,ACC000467,2026-03-17,55.79,GBP,Completed,,,MISSING_IN_A,MISSING_IN_A,1,High,Break,110,Open,Senior Reconciliation Analyst,Investigate record present in core banking file but missing from payment processor file.
REC-CASE-000042,EXTRA-TXN00004140,0,,,,,,,,1,REC-B-EXTRA-TXN00004140,CoreBankingB,ACC000383,2026-05-26,7.95,GBP,Completed,,,MISSING_IN_A,MISSING_IN_A,1,High,Break,40,Open,Senior Reconciliation Analyst,Investigate record present in core banking file but missing from payment processor file.
REC-CASE-000043,EXTRA-TXN00004388,0,,,,,,,,1,REC-B-EXTRA-TXN00004388,CoreBankingB,ACC000655,2026-04-21,33.81,GBP,Completed,,,MISSING_IN_A,MISSING_IN_A,1,High,Break,75,Open,Senior Reconciliation Analyst,Investigate record present in core banking file but missing from payment processor file.
REC-CASE-000044,EXTRA-TXN00004639,0,,,,,,,,1,REC-B-EXTRA-TXN00004639,CoreBankingB,ACC001113,2026-02-28,5.4,GBP,Completed,,,MISSING_IN_A,MISSING_IN_A,1,High,Break,127,Open,Senior Reconciliation Analyst,Investigate record present in core banking file but missing from payment processor file.
REC-CASE-000045,EXTRA-TXN00004943,0,,,,,,,,1,REC-B-EXTRA-TXN00004943,CoreBankingB,ACC001162,2026-06-10,72.91,GBP,Completed,,,MISSING_IN_A,MISSING_IN_A,1,High,Break,25,Open,Senior Reconciliation Analyst,Investigate record present in core banking file but missing from payment processor file.
REC-CASE-000046,EXTRA-TXN00005047,0,,,,,,,,1,REC-B-EXTRA-TXN00005047,CoreBankingB,ACC000266,2026-03-15,49.79,GBP,Completed,,,MISSING_IN_A,MISSING_IN_A,1,High,Break,112,Open,Senior Reconciliation Analyst,Investigate record present in core banking file but missing from payment processor file.
REC-CASE-000047,EXTRA-TXN00005236,0,,,,,,,,1,REC-B-EXTRA-TXN00005236,CoreBankingB,ACC000029,2026-03-19,6.21,GBP,Completed,,,MISSING_IN_A,MISSING_IN_A,1,High,Break,108,Open,Senior Reconciliation Analyst,Investigate record present in core banking file but missing from payment processor file.
REC-CASE-000048,EXTRA-TXN00006482,0,,,,,,,,1,REC-B-EXTRA-TXN00006482,CoreBankingB,ACC000005,2026-01-22,22.22,USD,Completed,,,MISSING_IN_A,MISSING_IN_A,1,High,Break,164,Open,Senior Reconciliation Analyst,Investigate record present in core banking file but missing from payment processor file.
REC-CASE-000049,EXTRA-TXN00006809,0,,,,,,,,1,REC-B-EXTRA-TXN00006809,CoreBankingB,ACC000821,2026-06-10,17.97,GBP,Completed,,,MISSING_IN_A,MISSING_IN_A,1,High,Break,25,Open,Senior Reconciliation Analyst,Investigate record present in core banking file but missing from payment processor file.
REC-CASE-000050,EXTRA-TXN00007018,0,,,,,,,,1,REC-B-EXTRA-TXN00007018,CoreBankingB,ACC000520,2026-02-19,12.75,GBP,Completed,,,MISSING_IN_A,MISSING_IN_A,1,High,Break,136,Open,Senior Reconciliation Analyst,Investigate record present in core banking file but missing from payment processor file.
REC-CASE-000051,EXTRA-TXN00007244,0,,,,,,,,1,REC-B-EXTRA-TXN00007244,CoreBankingB,ACC000040,2026-03-18,22.22,EUR,Completed,,,MISSING_IN_A,MISSING_IN_A,1,High,Break,109,Open,Senior Reconciliation Analyst,Investigate record present in core banking file but missing from payment processor file.
REC-CASE-000052,EXTRA-TXN00007476,0,,,,,,,,1,REC-B-EXTRA-TXN00007476,CoreBankingB,ACC000085,2026-06-30,49.08,EUR,Completed,,,MISSING_IN_A,MISSING_IN_A,1,High,Break,5,Open,Senior Reconciliation Analyst,Investigate record present in core banking file but missing from payment processor file.
REC-CASE-000053,EXTRA-TXN00007615,0,,,,,,,,1,REC-B-EXTRA-TXN00007615,CoreBankingB,ACC000386,2026-01-08,105.63,GBP,Completed,,,MISSING_IN_A,MISSING_IN_A,1,High,Break,178,Open,Senior Reconciliation Analyst,Investigate record present in core banking file but missing from payment processor file.
REC-CASE-000054,EXTRA-TXN00007918,0,,,,,,,,1,REC-B-EXTRA-TXN00007918,CoreBankingB,ACC001033,2026-02-18,2347.09,GBP,Completed,,,MISSING_IN_A,MISSING_IN_A,1,High,Break,137,Open,Senior Reconciliation Analyst,Investigate record present in core banking file but missing from payment processor file.
REC-CASE-000055,EXTRA-TXN00008073,0,,,,,,,,1,REC-B-EXTRA-TXN00008073,CoreBankingB,ACC000052,2026-05-29,9.74,GBP,Completed,,,MISSING_IN_A,MISSING_IN_A,1,High,Break,37,Open,Senior Reconciliation Analyst,Investigate record present in core banking file but missing from payment processor file.
REC-CASE-000056,EXTRA-TXN00008208,0,,,,,,,,1,REC-B-EXTRA-TXN00008208,CoreBankingB,ACC000571,2026-01-13,26.96,GBP,Completed,,,MISSING_IN_A,MISSING_IN_A,1,High,Break,173,Open,Senior Reconciliation Analyst,Investigate record present in core banking file but missing from payment processor file.
REC-CASE-000057,EXTRA-TXN00009067,0,,,,,,,,1,REC-B-EXTRA-TXN00009067,CoreBankingB,ACC000461,2026-03-17,35.47,GBP,Completed,,,MISSING_IN_A,MISSING_IN_A,1,High,Break,110,Open,Senior Reconciliation Analyst,Investigate record present in core banking file but missing from payment processor file.
REC-CASE-000058,EXTRA-TXN00009406,0,,,,,,,,1,REC-B-EXTRA-TXN00009406,CoreBankingB,ACC001258,2026-02-25,32.53,GBP,Completed,,,MISSING_IN_A,MISSING_IN_A,1,High,Break,130,Open,Senior Reconciliation Analyst,Investigate record present in core banking file but missing from payment processor file.
REC-CASE-000059,EXTRA-TXN00009918,0,,,,,,,,1,REC-B-EXTRA-TXN00009918,CoreBankingB,ACC000689,2026-01-06,41.99,GBP,Completed,,,MISSING_IN_A,MISSING_IN_A,1,High,Break,180,Open,Senior Reconciliation Analyst,Investigate record present in core banking file but missing from payment processor file.
REC-CASE-000060,EXTRA-TXN00009973,0,,,,,,,,1,REC-B-EXTRA-TXN00009973,CoreBankingB,ACC000522,2026-01-16,16.09,GBP,Completed,,,MISSING_IN_A,MISSING_IN_A,1,High,Break,170,Open,Senior Reconciliation Analyst,Investigate record present in core banking file but missing from payment processor file.
REC-CASE-000061,TXN00000082,1,REC-A-TXN00000082,PaymentProcessorA,ACC001012,2026-04-11,91.41,GBP,Completed,0,,,,,,,,,,MISSING_IN_B,MISSING_IN_B,1,High,Break,85,Open,Senior Reconciliation Analyst,Investigate record present in payment processor file but missing from core banking file.
REC-CASE-000062,TXN00000120,1,REC-A-TXN00000120,PaymentProcessorA,ACC000265,2026-06-22,13.59,GBP,Pending,0,,,,,,,,,,MISSING_IN_B,MISSING_IN_B,1,High,Break,13,Open,Senior Reconciliation Analyst,Investigate record present in payment processor file but missing from core banking file.
REC-CASE-000063,TXN00000322,1,REC-A-TXN00000322,PaymentProcessorA,ACC001269,2026-01-13,55.31,GBP,Pending,0,,,,,,,,,,MISSING_IN_B,MISSING_IN_B,1,High,Break,173,Open,Senior Reconciliation Analyst,Investigate record present in payment processor file but missing from core banking file.
REC-CASE-000064,TXN00000336,1,REC-A-TXN00000336,PaymentProcessorA,ACC000882,2026-04-06,86.29,GBP,Completed,0,,,,,,,,,,MISSING_IN_B,MISSING_IN_B,1,High,Break,90,Open,Senior Reconciliation Analyst,Investigate record present in payment processor file but missing from core banking file.
REC-CASE-000065,TXN00000402,1,REC-A-TXN00000402,PaymentProcessorA,ACC000811,2026-03-08,69.78,GBP,Completed,0,,,,,,,,,,MISSING_IN_B,MISSING_IN_B,1,High,Break,119,Open,Senior Reconciliation Analyst,Investigate record present in payment processor file but missing from core banking file.
REC-CASE-000066,TXN00000409,1,REC-A-TXN00000409,PaymentProcessorA,ACC000242,2026-02-28,4.76,GBP,Completed,0,,,,,,,,,,MISSING_IN_B,MISSING_IN_B,1,High,Break,127,Open,Senior Reconciliation Analyst,Investigate record present in payment processor file but missing from core banking file.
REC-CASE-000067,TXN00001019,1,REC-A-TXN00001019,PaymentProcessorA,ACC001224,2026-02-13,115.44,GBP,Completed,0,,,,,,,,,,MISSING_IN_B,MISSING_IN_B,1,High,Break,142,Open,Senior Reconciliation Analyst,Investigate record present in payment processor file but missing from core banking file.
REC-CASE-000068,TXN00001069,1,REC-A-TXN00001069,PaymentProcessorA,ACC000214,2026-04-29,52.72,GBP,Completed,0,,,,,,,,,,MISSING_IN_B,MISSING_IN_B,1,High,Break,67,Open,Senior Reconciliation Analyst,Investigate record present in payment processor file but missing from core banking file.
REC-CASE-000069,TXN00001288,1,REC-A-TXN00001288,PaymentProcessorA,ACC000047,2026-02-15,56.65,GBP,Completed,0,,,,,,,,,,MISSING_IN_B,MISSING_IN_B,1,High,Break,140,Open,Senior Reconciliation Analyst,Investigate record present in payment processor file but missing from core banking file.
REC-CASE-000070,TXN00001406,1,REC-A-TXN00001406,PaymentProcessorA,ACC000142,2026-03-18,194.4,GBP,Completed,0,,,,,,,,,,MISSING_IN_B,MISSING_IN_B,1,High,Break,109,Open,Senior Reconciliation Analyst,Investigate record present in payment processor file but missing from core banking file.
REC-CASE-000071,TXN00001431,1,REC-A-TXN00001431,PaymentProcessorA,ACC000334,2026-01-31,472.58,GBP,Completed,0,,,,,,,,,,MISSING_IN_B,MISSING_IN_B,1,High,Break,155,Open,Senior Reconciliation Analyst,Investigate record present in payment processor file but missing from core banking file.
REC-CASE-000072,TXN00001454,1,REC-A-TXN00001454,PaymentProcessorA,ACC000144,2026-04-15,32.4,GBP,Completed,0,,,,,,,,,,MISSING_IN_B,MISSING_IN_B,1,High,Break,81,Open,Senior Reconciliation Analyst,Investigate record present in payment processor file but missing from core banking file.
REC-CASE-000073,TXN00001571,1,REC-A-TXN00001571,PaymentProcessorA,ACC001289,2026-03-01,287.87,GBP,Completed,0,,,,,,,,,,MISSING_IN_B,MISSING_IN_B,1,High,Break,126,Open,Senior Reconciliation Analyst,Investigate record present in payment processor file but missing from core banking file.
REC-CASE-000074,TXN00001618,1,REC-A-TXN00001618,PaymentProcessorA,ACC000564,2026-03-12,44.75,GBP,Completed,0,,,,,,,,,,MISSING_IN_B,MISSING_IN_B,1,High,Break,115,Open,Senior Reconciliation Analyst,Investigate record present in payment processor file but missing from core banking file.
REC-CASE-000075,TXN00001660,1,REC-A-TXN00001660,PaymentProcessorA,ACC000729,2026-05-30,29.27,GBP,Completed,0,,,,,,,,,,MISSING_IN_B,MISSING_IN_B,1,High,Break,36,Open,Senior Reconciliation Analyst,Investigate record present in payment processor file but missing from core banking file.
REC-CASE-000076,TXN00001684,1,REC-A-TXN00001684,PaymentProcessorA,ACC001195,2026-02-12,6796.72,GBP,Completed,0,,,,,,,,,,MISSING_IN_B,MISSING_IN_B,1,High,Break,143,Open,Senior Reconciliation Analyst,Investigate record present in payment processor file but missing from core banking file.
REC-CASE-000077,TXN00002216,1,REC-A-TXN00002216,PaymentProcessorA,ACC000587,2026-05-05,4289.96,GBP,Completed,0,,,,,,,,,,MISSING_IN_B,MISSING_IN_B,1,High,Break,61,Open,Senior Reconciliation Analyst,Investigate record present in payment processor file but missing from core banking file.
REC-CASE-000078,TXN00002273,1,REC-A-TXN00002273,PaymentProcessorA,ACC001169,2026-02-22,21.42,USD,Completed,0,,,,,,,,,,MISSING_IN_B,MISSING_IN_B,1,High,Break,133,Open,Senior Reconciliation Analyst,Investigate record present in payment processor file but missing from core banking file.
REC-CASE-000079,TXN00002302,1,REC-A-TXN00002302,PaymentProcessorA,ACC000826,2026-04-06,8.59,GBP,Completed,0,,,,,,,,,,MISSING_IN_B,MISSING_IN_B,1,High,Break,90,Open,Senior Reconciliation Analyst,Investigate record present in payment processor file but missing from core banking file.
REC-CASE-000080,TXN00002418,1,REC-A-TXN00002418,PaymentProcessorA,ACC000090,2026-03-23,3.98,EUR,Failed,0,,,,,,,,,,MISSING_IN_B,MISSING_IN_B,1,High,Break,104,Open,Senior Reconciliation Analyst,Investigate record present in payment processor file but missing from core banking file.
REC-CASE-000081,TXN00002738,1,REC-A-TXN00002738,PaymentProcessorA,ACC001293,2026-05-09,21.15,GBP,Completed,0,,,,,,,,,,MISSING_IN_B,MISSING_IN_B,1,High,Break,57,Open,Senior Reconciliation Analyst,Investigate record present in payment processor file but missing from core banking file.
REC-CASE-000082,TXN00002743,1,REC-A-TXN00002743,PaymentProcessorA,ACC001237,2026-06-30,21.91,GBP,Failed,0,,,,,,,,,,MISSING_IN_B,MISSING_IN_B,1,High,Break,5,Open,Senior Reconciliation Analyst,Investigate record present in payment processor file but missing from core banking file.
REC-CASE-000083,TXN00002883,1,REC-A-TXN00002883,PaymentProcessorA,ACC000720,2026-05-25,5.43,GBP,Completed,0,,,,,,,,,,MISSING_IN_B,MISSING_IN_B,1,High,Break,41,Open,Senior Reconciliation Analyst,Investigate record present in payment processor file but missing from core banking file.
REC-CASE-000084,TXN00003003,1,REC-A-TXN00003003,PaymentProcessorA,ACC000031,2026-06-01,25.58,GBP,Completed,0,,,,,,,,,,MISSING_IN_B,MISSING_IN_B,1,High,Break,34,Open,Senior Reconciliation Analyst,Investigate record present in payment processor file but missing from core banking file.
REC-CASE-000085,TXN00003083,1,REC-A-TXN00003083,PaymentProcessorA,ACC000952,2026-03-07,14.12,GBP,Completed,0,,,,,,,,,,MISSING_IN_B,MISSING_IN_B,1,High,Break,120,Open,Senior Reconciliation Analyst,Investigate record present in payment processor file but missing from core banking file.
REC-CASE-000086,TXN00003300,1,REC-A-TXN00003300,PaymentProcessorA,ACC000451,2026-03-30,57.07,GBP,Completed,0,,,,,,,,,,MISSING_IN_B,MISSING_IN_B,1,High,Break,97,Open,Senior Reconciliation Analyst,Investigate record present in payment processor file but missing from core banking file.
REC-CASE-000087,TXN00003315,1,REC-A-TXN00003315,PaymentProcessorA,ACC000160,2026-03-12,179.22,USD,Completed,0,,,,,,,,,,MISSING_IN_B,MISSING_IN_B,1,High,Break,115,Open,Senior Reconciliation Analyst,Investigate record present in payment processor file but missing from core banking file.
REC-CASE-000088,TXN00003685,1,REC-A-TXN00003685,PaymentProcessorA,ACC000831,2026-02-22,118.12,GBP,Completed,0,,,,,,,,,,MISSING_IN_B,MISSING_IN_B,1,High,Break,133,Open,Senior Reconciliation Analyst,Investigate record present in payment processor file but missing from core banking file.
REC-CASE-000089,TXN00003814,1,REC-A-TXN00003814,PaymentProcessorA,ACC000576,2026-03-30,111.81,GBP,Completed,0,,,,,,,,,,MISSING_IN_B,MISSING_IN_B,1,High,Break,97,Open,Senior Reconciliation Analyst,Investigate record present in payment processor file but missing from core banking file.
REC-CASE-000090,TXN00003870,1,REC-A-TXN00003870,PaymentProcessorA,ACC001230,2026-03-01,20.51,GBP,Completed,0,,,,,,,,,,MISSING_IN_B,MISSING_IN_B,1,High,Break,126,Open,Senior Reconciliation Analyst,Investigate record present in payment processor file but missing from core banking file.
REC-CASE-000091,TXN00004276,1,REC-A-TXN00004276,PaymentProcessorA,ACC000517,2026-03-28,26.03,EUR,Completed,0,,,,,,,,,,MISSING_IN_B,MISSING_IN_B,1,High,Break,99,Open,Senior Reconciliation Analyst,Investigate record present in payment processor file but missing from core banking file.
REC-CASE-000092,TXN00004344,1,REC-A-TXN00004344,PaymentProcessorA,ACC000961,2026-02-27,4423.37,EUR,Completed,0,,,,,,,,,,MISSING_IN_B,MISSING_IN_B,1,High,Break,128,Open,Senior Reconciliation Analyst,Investigate record present in payment processor file but missing from core banking file.
REC-CASE-000093,TXN00004803,1,REC-A-TXN00004803,PaymentProcessorA,ACC000127,2026-05-09,48.75,GBP,Completed,0,,,,,,,,,,MISSING_IN_B,MISSING_IN_B,1,High,Break,57,Open,Senior Reconciliation Analyst,Investigate record present in payment processor file but missing from core banking file.
REC-CASE-000094,TXN00004892,1,REC-A-TXN00004892,PaymentProcessorA,ACC000886,2026-03-05,7.73,GBP,Completed,0,,,,,,,,,,MISSING_IN_B,MISSING_IN_B,1,High,Break,122,Open,Senior Reconciliation Analyst,Investigate record present in payment processor file but missing from core banking file.
REC-CASE-000095,TXN00005191,1,REC-A-TXN00005191,PaymentProcessorA,ACC000860,2026-02-25,197.26,GBP,Completed,0,,,,,,,,,,MISSING_IN_B,MISSING_IN_B,1,High,Break,130,Open,Senior Reconciliation Analyst,Investigate record present in payment processor file but missing from core banking file.
REC-CASE-000096,TXN00005550,1,REC-A-TXN00005550,PaymentProcessorA,ACC000215,2026-05-24,21.79,GBP,Completed,0,,,,,,,,,,MISSING_IN_B,MISSING_IN_B,1,High,Break,42,Open,Senior Reconciliation Analyst,Investigate record present in payment processor file but missing from core banking file.
REC-CASE-000097,TXN00005719,1,REC-A-TXN00005719,PaymentProcessorA,ACC001095,2026-03-24,195.09,GBP,Completed,0,,,,,,,,,,MISSING_IN_B,MISSING_IN_B,1,High,Break,103,Open,Senior Reconciliation Analyst,Investigate record present in payment processor file but missing from core banking file.
REC-CASE-000098,TXN00005921,1,REC-A-TXN00005921,PaymentProcessorA,ACC000275,2026-01-15,22.55,GBP,Completed,0,,,,,,,,,,MISSING_IN_B,MISSING_IN_B,1,High,Break,171,Open,Senior Reconciliation Analyst,Investigate record present in payment processor file but missing from core banking file.
REC-CASE-000099,TXN00006089,1,REC-A-TXN00006089,PaymentProcessorA,ACC000363,2026-07-04,67.21,GBP,Completed,0,,,,,,,,,,MISSING_IN_B,MISSING_IN_B,1,High,Break,1,Open,Senior Reconciliation Analyst,Investigate record present in payment processor file but missing from core banking file.
REC-CASE-000100,TXN00006129,1,REC-A-TXN00006129,PaymentProcessorA,ACC001037,2026-03-20,4.59,GBP,Completed,0,,,,,,,,,,MISSING_IN_B,MISSING_IN_B,1,High,Break,107,Open,Senior Reconciliation Analyst,Investigate record present in payment processor file but missing from core banking file.
REC-CASE-000101,TXN00006341,1,REC-A-TXN00006341,PaymentProcessorA,ACC000080,2026-05-20,6.09,GBP,Completed,0,,,,,,,,,,MISSING_IN_B,MISSING_IN_B,1,High,Break,46,Open,Senior Reconciliation Analyst,Investigate record present in payment processor file but missing from core banking file.
REC-CASE-000102,TXN00006400,1,REC-A-TXN00006400,PaymentProcessorA,ACC000215,2026-03-21,12.19,GBP,Completed,0,,,,,,,,,,MISSING_IN_B,MISSING_IN_B,1,High,Break,106,Open,Senior Reconciliation Analyst,Investigate record present in payment processor file but missing from core banking file.
REC-CASE-000103,TXN00006516,1,REC-A-TXN00006516,PaymentProcessorA,ACC000621,2026-05-05,49.27,GBP,Completed,0,,,,,,,,,,MISSING_IN_B,MISSING_IN_B,1,High,Break,61,Open,Senior Reconciliation Analyst,Investigate record present in payment processor file but missing from core banking file.
REC-CASE-000104,TXN00006551,1,REC-A-TXN00006551,PaymentProcessorA,ACC000570,2026-06-08,2516.75,GBP,Completed,0,,,,,,,,,,MISSING_IN_B,MISSING_IN_B,1,High,Break,27,Open,Senior Reconciliation Analyst,Investigate record present in payment processor file but missing from core banking file.
REC-CASE-000105,TXN00006689,1,REC-A-TXN00006689,PaymentProcessorA,ACC000001,2026-05-19,9.96,GBP,Completed,0,,,,,,,,,,MISSING_IN_B,MISSING_IN_B,1,High,Break,47,Open,Senior Reconciliation Analyst,Investigate record present in payment processor file but missing from core banking file.
REC-CASE-000106,TXN00007054,1,REC-A-TXN00007054,PaymentProcessorA,ACC000550,2026-05-28,5.23,USD,Completed,0,,,,,,,,,,MISSING_IN_B,MISSING_IN_B,1,High,Break,38,Open,Senior Reconciliation Analyst,Investigate record present in payment processor file but missing from core banking file.
REC-CASE-000107,TXN00007147,1,REC-A-TXN00007147,PaymentProcessorA,ACC000192,2026-07-02,5.61,GBP,Completed,0,,,,,,,,,,MISSING_IN_B,MISSING_IN_B,1,High,Break,3,Open,Senior Reconciliation Analyst,Investigate record present in payment processor file but missing from core banking file.
REC-CASE-000108,TXN00007153,1,REC-A-TXN00007153,PaymentProcessorA,ACC000039,2026-06-18,360.97,GBP,Completed,0,,,,,,,,,,MISSING_IN_B,MISSING_IN_B,1,High,Break,17,Open,Senior Reconciliation Analyst,Investigate record present in payment processor file but missing from core banking file.
REC-CASE-000109,TXN00007163,1,REC-A-TXN00007163,PaymentProcessorA,ACC000554,2026-01-28,6.09,GBP,Completed,0,,,,,,,,,,MISSING_IN_B,MISSING_IN_B,1,High,Break,158,Open,Senior Reconciliation Analyst,Investigate record present in payment processor file but missing from core banking file.
REC-CASE-000110,TXN00007186,1,REC-A-TXN00007186,PaymentProcessorA,ACC000664,2026-06-19,28.38,GBP,Failed,0,,,,,,,,,,MISSING_IN_B,MISSING_IN_B,1,High,Break,16,Open,Senior Reconciliation Analyst,Investigate record present in payment processor file but missing from core banking file.
REC-CASE-000111,TXN00007229,1,REC-A-TXN00007229,PaymentProcessorA,ACC000159,2026-01-11,12.69,GBP,Completed,0,,,,,,,,,,MISSING_IN_B,MISSING_IN_B,1,High,Break,175,Open,Senior Reconciliation Analyst,Investigate record present in payment processor file but missing from core banking file.
REC-CASE-000112,TXN00007249,1,REC-A-TXN00007249,PaymentProcessorA,ACC000733,2026-05-09,58.47,GBP,Completed,0,,,,,,,,,,MISSING_IN_B,MISSING_IN_B,1,High,Break,57,Open,Senior Reconciliation Analyst,Investigate record present in payment processor file but missing from core banking file.
REC-CASE-000113,TXN00007494,1,REC-A-TXN00007494,PaymentProcessorA,ACC000811,2026-05-25,35.51,GBP,Completed,0,,,,,,,,,,MISSING_IN_B,MISSING_IN_B,1,High,Break,41,Open,Senior Reconciliation Analyst,Investigate record present in payment processor file but missing from core banking file.
REC-CASE-000114,TXN00007522,1,REC-A-TXN00007522,PaymentProcessorA,ACC000084,2026-01-09,120.73,GBP,Completed,0,,,,,,,,,,MISSING_IN_B,MISSING_IN_B,1,High,Break,177,Open,Senior Reconciliation Analyst,Investigate record present in payment processor file but missing from core banking file.
REC-CASE-000115,TXN00007935,1,REC-A-TXN00007935,PaymentProcessorA,ACC001299,2026-05-20,96.25,GBP,Completed,0,,,,,,,,,,MISSING_IN_B,MISSING_IN_B,1,High,Break,46,Open,Senior Reconciliation Analyst,Investigate record present in payment processor file but missing from core banking file.
REC-CASE-000116,TXN00007937,1,REC-A-TXN00007937,PaymentProcessorA,ACC000759,2026-05-21,57.36,GBP,Completed,0,,,,,,,,,,MISSING_IN_B,MISSING_IN_B,1,High,Break,45,Open,Senior Reconciliation Analyst,Investigate record present in payment processor file but missing from core banking file.
REC-CASE-000117,TXN00007962,1,REC-A-TXN00007962,PaymentProcessorA,ACC001098,2026-01-25,1072.11,GBP,Completed,0,,,,,,,,,,MISSING_IN_B,MISSING_IN_B,1,High,Break,161,Open,Senior Reconciliation Analyst,Investigate record present in payment processor file but missing from core banking file.
REC-CASE-000118,TXN00008077,1,REC-A-TXN00008077,PaymentProcessorA,ACC000315,2026-07-01,64.63,GBP,Completed,0,,,,,,,,,,MISSING_IN_B,MISSING_IN_B,1,High,Break,4,Open,Senior Reconciliation Analyst,Investigate record present in payment processor file but missing from core banking file.
REC-CASE-000119,TXN00008288,1,REC-A-TXN00008288,PaymentProcessorA,ACC001235,2026-03-31,7.12,GBP,Completed,0,,,,,,,,,,MISSING_IN_B,MISSING_IN_B,1,High,Break,96,Open,Senior Reconciliation Analyst,Investigate record present in payment processor file but missing from core banking file.
REC-CASE-000120,TXN00008367,1,REC-A-TXN00008367,PaymentProcessorA,ACC000691,2026-06-05,120.74,GBP,Completed,0,,,,,,,,,,MISSING_IN_B,MISSING_IN_B,1,High,Break,30,Open,Senior Reconciliation Analyst,Investigate record present in payment processor file but missing from core banking file.
REC-CASE-000121,TXN00008453,1,REC-A-TXN00008453,PaymentProcessorA,ACC000429,2026-05-26,10.02,GBP,Completed,0,,,,,,,,,,MISSING_IN_B,MISSING_IN_B,1,High,Break,40,Open,Senior Reconciliation Analyst,Investigate record present in payment processor file but missing from core banking file.
REC-CASE-000122,TXN00008953,1,REC-A-TXN00008953,PaymentProcessorA,ACC001186,2026-02-04,19.08,GBP,Pending,0,,,,,,,,,,MISSING_IN_B,MISSING_IN_B,1,High,Break,151,Open,Senior Reconciliation Analyst,Investigate record present in payment processor file but missing from core banking file.
REC-CASE-000123,TXN00009239,1,REC-A-TXN00009239,PaymentProcessorA,ACC000711,2026-07-01,22.43,GBP,Completed,0,,,,,,,,,,MISSING_IN_B,MISSING_IN_B,1,High,Break,4,Open,Senior Reconciliation Analyst,Investigate record present in payment processor file but missing from core banking file.
REC-CASE-000124,TXN00009254,1,REC-A-TXN00009254,PaymentProcessorA,ACC000365,2026-01-15,81.33,USD,Completed,0,,,,,,,,,,MISSING_IN_B,MISSING_IN_B,1,High,Break,171,Open,Senior Reconciliation Analyst,Investigate record present in payment processor file but missing from core banking file.
REC-CASE-000125,TXN00009259,1,REC-A-TXN00009259,PaymentProcessorA,ACC000703,2026-05-15,40.57,EUR,Completed,0,,,,,,,,,,MISSING_IN_B,MISSING_IN_B,1,High,Break,51,Open,Senior Reconciliation Analyst,Investigate record present in payment processor file but missing from core banking file.
REC-CASE-000126,TXN00009341,1,REC-A-TXN00009341,PaymentProcessorA,ACC000357,2026-01-22,179.37,GBP,Pending,0,,,,,,,,,,MISSING_IN_B,MISSING_IN_B,1,High,Break,164,Open,Senior Reconciliation Analyst,Investigate record present in payment processor file but missing from core banking file.
REC-CASE-000127,TXN00009367,1,REC-A-TXN00009367,PaymentProcessorA,ACC000777,2026-06-13,16.3,GBP,Completed,0,,,,,,,,,,MISSING_IN_B,MISSING_IN_B,1,High,Break,22,Open,Senior Reconciliation Analyst,Investigate record present in payment processor file but missing from core banking file.
REC-CASE-000128,TXN00009732,1,REC-A-TXN00009732,PaymentProcessorA,ACC000742,2026-03-26,9.19,GBP,Completed,0,,,,,,,,,,MISSING_IN_B,MISSING_IN_B,1,High,Break,101,Open,Senior Reconciliation Analyst,Investigate record present in payment processor file but missing from core banking file.
REC-CASE-000129,TXN00009826,1,REC-A-TXN00009826,PaymentProcessorA,ACC000162,2026-06-26,19.51,GBP,Pending,0,,,,,,,,,,MISSING_IN_B,MISSING_IN_B,1,High,Break,9,Open,Senior Reconciliation Analyst,Investigate record present in payment processor file but missing from core banking file.
REC-CASE-000130,TXN00009873,1,REC-A-TXN00009873,PaymentProcessorA,ACC001054,2026-06-18,12.13,EUR,Completed,0,,,,,,,,,,MISSING_IN_B,MISSING_IN_B,1,High,Break,17,Open,Senior Reconciliation Analyst,Investigate record present in payment processor file but missing from core banking file.
REC-CASE-000131,TXN00005796,1,REC-A-TXN00005796,PaymentProcessorA,ACC000236,2026-03-31,44.68,GBP,Completed,1,REC-B-TXN00005796,CoreBankingB,ACC000236,2026-03-31,69.68,GBP,Completed,25.000000000000007,25.000000000000007,AMOUNT_MISMATCH,AMOUNT_MISMATCH,1,Medium,Break,96,Open,Reconciliation Analyst,Compare source documents and investigate value difference.
REC-CASE-000132,TXN00006473,1,REC-A-TXN00006473,PaymentProcessorA,ACC001276,2026-01-11,58.02,USD,Completed,1,REC-B-TXN00006473,CoreBankingB,ACC001276,2026-01-11,83.02000000000001,USD,Completed,25.000000000000007,25.000000000000007,AMOUNT_MISMATCH,AMOUNT_MISMATCH,1,Medium,Break,175,Open,Reconciliation Analyst,Compare source documents and investigate value difference.
REC-CASE-000133,TXN00000404,1,REC-A-TXN00000404,PaymentProcessorA,ACC000417,2026-02-24,13.94,GBP,Completed,1,REC-B-TXN00000404,CoreBankingB,ACC000417,2026-02-24,38.94,GBP,Completed,25.0,25.0,AMOUNT_MISMATCH,AMOUNT_MISMATCH,1,Medium,Break,131,Open,Reconciliation Analyst,Compare source documents and investigate value difference.
REC-CASE-000134,TXN00000552,1,REC-A-TXN00000552,PaymentProcessorA,ACC000687,2026-04-30,68.91,GBP,Completed,1,REC-B-TXN00000552,CoreBankingB,ACC000687,2026-04-30,93.91,GBP,Completed,25.0,25.0,AMOUNT_MISMATCH,AMOUNT_MISMATCH,1,Medium,Break,66,Open,Reconciliation Analyst,Compare source documents and investigate value difference.
REC-CASE-000135,TXN00001459,1,REC-A-TXN00001459,PaymentProcessorA,ACC000015,2026-02-01,124.09,GBP,Failed,1,REC-B-TXN00001459,CoreBankingB,ACC000015,2026-02-01,149.09,GBP,Failed,25.0,25.0,AMOUNT_MISMATCH,AMOUNT_MISMATCH,1,Medium,Break,154,Open,Reconciliation Analyst,Compare source documents and investigate value difference.
REC-CASE-000136,TXN00001771,1,REC-A-TXN00001771,PaymentProcessorA,ACC000325,2026-06-30,21.14,EUR,Completed,1,REC-B-TXN00001771,CoreBankingB,ACC000325,2026-06-30,46.14,EUR,Completed,25.0,25.0,AMOUNT_MISMATCH,AMOUNT_MISMATCH,1,Medium,Break,5,Open,Reconciliation Analyst,Compare source documents and investigate value difference.
REC-CASE-000137,TXN00002090,1,REC-A-TXN00002090,PaymentProcessorA,ACC001026,2026-02-26,15.88,GBP,Completed,1,REC-B-TXN00002090,CoreBankingB,ACC001026,2026-02-26,40.88,GBP,Completed,25.0,25.0,AMOUNT_MISMATCH,AMOUNT_MISMATCH,1,Medium,Break,129,Open,Reconciliation Analyst,Compare source documents and investigate value difference.
REC-CASE-000138,TXN00003101,1,REC-A-TXN00003101,PaymentProcessorA,ACC000311,2026-01-18,73.35,GBP,Completed,1,REC-B-TXN00003101,CoreBankingB,ACC000311,2026-01-18,98.35,GBP,Completed,25.0,25.0,AMOUNT_MISMATCH,AMOUNT_MISMATCH,1,Medium,Break,168,Open,Reconciliation Analyst,Compare source documents and investigate value difference.
REC-CASE-000139,TXN00004242,1,REC-A-TXN00004242,PaymentProcessorA,ACC001236,2026-05-30,106.9,GBP,Completed,1,REC-B-TXN00004242,CoreBankingB,ACC001236,2026-05-30,131.9,GBP,Completed,25.0,25.0,AMOUNT_MISMATCH,AMOUNT_MISMATCH,1,Medium,Break,36,Open,Reconciliation Analyst,Compare source documents and investigate value difference.
REC-CASE-000140,TXN00005365,1,REC-A-TXN00005365,PaymentProcessorA,ACC001089,2026-03-21,37.77,GBP,Completed,1,REC-B-TXN00005365,CoreBankingB,ACC001089,2026-03-21,62.77,GBP,Completed,25.0,25.0,AMOUNT_MISMATCH,AMOUNT_MISMATCH,1,Medium,Break,106,Open,Reconciliation Analyst,Compare source documents and investigate value difference.
REC-CASE-000141,TXN00006907,1,REC-A-TXN00006907,PaymentProcessorA,ACC001264,2026-01-07,63.31,GBP,Completed,1,REC-B-TXN00006907,CoreBankingB,ACC001264,2026-01-07,88.31,GBP,Completed,25.0,25.0,AMOUNT_MISMATCH,AMOUNT_MISMATCH,1,Medium,Break,179,Open,Reconciliation Analyst,Compare source documents and investigate value difference.
REC-CASE-000142,TXN00007881,1,REC-A-TXN00007881,PaymentProcessorA,ACC000236,2026-01-21,729.83,GBP,Completed,1,REC-B-TXN00007881,CoreBankingB,ACC000236,2026-01-21,754.83,GBP,Completed,25.0,25.0,AMOUNT_MISMATCH,AMOUNT_MISMATCH,1,Medium,Break,165,Open,Reconciliation Analyst,Compare source documents and investigate value difference.
REC-CASE-000143,TXN00008069,1,REC-A-TXN00008069,PaymentProcessorA,ACC000952,2026-03-14,20.82,USD,Completed,1,REC-B-TXN00008069,CoreBankingB,ACC000952,2026-03-14,45.82,USD,Completed,25.0,25.0,AMOUNT_MISMATCH,AMOUNT_MISMATCH,1,Medium,Break,113,Open,Reconciliation Analyst,Compare source documents and investigate value difference.
REC-CASE-000144,TXN00008569,1,REC-A-TXN00008569,PaymentProcessorA,ACC000182,2026-06-23,19.14,EUR,Completed,1,REC-B-TXN00008569,CoreBankingB,ACC000182,2026-06-23,44.14,EUR,Completed,25.0,25.0,AMOUNT_MISMATCH,AMOUNT_MISMATCH,1,Medium,Break,12,Open,Reconciliation Analyst,Compare source documents and investigate value difference.
REC-CASE-000145,TXN00009939,1,REC-A-TXN00009939,PaymentProcessorA,ACC000748,2026-01-28,9362.75,GBP,Completed,1,REC-B-TXN00009939,CoreBankingB,ACC000748,2026-01-28,9387.75,GBP,Completed,25.0,25.0,AMOUNT_MISMATCH,AMOUNT_MISMATCH,1,Medium,Break,158,Open,Reconciliation Analyst,Compare source documents and investigate value difference.
REC-CASE-000146,TXN00009085,1,REC-A-TXN00009085,PaymentProcessorA,ACC000934,2026-01-15,63.99,GBP,Completed,1,REC-B-TXN00009085,CoreBankingB,ACC000934,2026-01-15,73.99000000000001,GBP,Completed,10.000000000000007,10.000000000000007,AMOUNT_MISMATCH,AMOUNT_MISMATCH,1,Medium,Break,171,Open,Reconciliation Analyst,Compare source documents and investigate value difference.
REC-CASE-000147,TXN00006775,1,REC-A-TXN00006775,PaymentProcessorA,ACC000857,2026-02-25,11.85,GBP,Completed,1,REC-B-TXN00006775,CoreBankingB,ACC000857,2026-02-25,21.85,GBP,Completed,10.000000000000002,10.000000000000002,AMOUNT_MISMATCH,AMOUNT_MISMATCH,1,Medium,Break,130,Open,Reconciliation Analyst,Compare source documents and investigate value difference.
REC-CASE-000148,TXN00006790,1,REC-A-TXN00006790,PaymentProcessorA,ACC000770,2026-06-14,7.99,USD,Completed,1,REC-B-TXN00006790,CoreBankingB,ACC000770,2026-06-14,17.990000000000002,USD,Completed,10.000000000000002,10.000000000000002,AMOUNT_MISMATCH,AMOUNT_MISMATCH,1,Medium,Break,21,Open,Reconciliation Analyst,Compare source documents and investigate value difference.
REC-CASE-000149,TXN00000510,1,REC-A-TXN00000510,PaymentProcessorA,ACC000160,2026-04-06,100.11,GBP,Completed,1,REC-B-TXN00000510,CoreBankingB,ACC000160,2026-04-06,110.11,GBP,Completed,10.0,10.0,AMOUNT_MISMATCH,AMOUNT_MISMATCH,1,Medium,Break,90,Open,Reconciliation Analyst,Compare source documents and investigate value difference.
REC-CASE-000150,TXN00000783,1,REC-A-TXN00000783,PaymentProcessorA,ACC001057,2026-01-17,106.22,GBP,Completed,1,REC-B-TXN00000783,CoreBankingB,ACC001057,2026-01-17,116.22,GBP,Completed,10.0,10.0,AMOUNT_MISMATCH,AMOUNT_MISMATCH,1,Medium,Break,169,Open,Reconciliation Analyst,Compare source documents and investigate value difference.
REC-CASE-000151,TXN00001246,1,REC-A-TXN00001246,PaymentProcessorA,ACC000090,2026-06-28,50.49,GBP,Completed,1,REC-B-TXN00001246,CoreBankingB,ACC000090,2026-06-28,60.49,GBP,Completed,10.0,10.0,AMOUNT_MISMATCH,AMOUNT_MISMATCH,1,Medium,Break,7,Open,Reconciliation Analyst,Compare source documents and investigate value difference.
REC-CASE-000152,TXN00002808,1,REC-A-TXN00002808,PaymentProcessorA,ACC000480,2026-05-12,34.32,GBP,Completed,1,REC-B-TXN00002808,CoreBankingB,ACC000480,2026-05-12,44.32,GBP,Completed,10.0,10.0,AMOUNT_MISMATCH,AMOUNT_MISMATCH,1,Medium,Break,54,Open,Reconciliation Analyst,Compare source documents and investigate value difference.
REC-CASE-000153,TXN00003155,1,REC-A-TXN00003155,PaymentProcessorA,ACC001187,2026-03-24,39.63,GBP,Completed,1,REC-B-TXN00003155,CoreBankingB,ACC001187,2026-03-24,49.63,GBP,Completed,10.0,10.0,AMOUNT_MISMATCH,AMOUNT_MISMATCH,1,Medium,Break,103,Open,Reconciliation Analyst,Compare source documents and investigate value difference.
REC-CASE-000154,TXN00003773,1,REC-A-TXN00003773,PaymentProcessorA,ACC000308,2026-06-26,33.53,GBP,Completed,1,REC-B-TXN00003773,CoreBankingB,ACC000308,2026-06-26,43.53,GBP,Completed,10.0,10.0,AMOUNT_MISMATCH,AMOUNT_MISMATCH,1,Medium,Break,9,Open,Reconciliation Analyst,Compare source documents and investigate value difference.
REC-CASE-000155,TXN00003799,1,REC-A-TXN00003799,PaymentProcessorA,ACC000958,2026-06-21,20.15,EUR,Reversed,1,REC-B-TXN00003799,CoreBankingB,ACC000958,2026-06-21,30.15,EUR,Reversed,10.0,10.0,AMOUNT_MISMATCH,AMOUNT_MISMATCH,1,Medium,Break,14,Open,Reconciliation Analyst,Compare source documents and investigate value difference.
REC-CASE-000156,TXN00003913,1,REC-A-TXN00003913,PaymentProcessorA,ACC000476,2026-06-04,95.77,GBP,Completed,1,REC-B-TXN00003913,CoreBankingB,ACC000476,2026-06-04,105.77,GBP,Completed,10.0,10.0,AMOUNT_MISMATCH,AMOUNT_MISMATCH,1,Medium,Break,31,Open,Reconciliation Analyst,Compare source documents and investigate value difference.
REC-CASE-000157,TXN00004081,1,REC-A-TXN00004081,PaymentProcessorA,ACC000972,2026-04-30,19.87,GBP,Completed,1,REC-B-TXN00004081,CoreBankingB,ACC000972,2026-04-30,29.87,GBP,Completed,10.0,10.0,AMOUNT_MISMATCH,AMOUNT_MISMATCH,1,Medium,Break,66,Open,Reconciliation Analyst,Compare source documents and investigate value difference.
REC-CASE-000158,TXN00005396,1,REC-A-TXN00005396,PaymentProcessorA,ACC000908,2026-06-20,6.41,GBP,Failed,1,REC-B-TXN00005396,CoreBankingB,ACC000908,2026-06-20,16.41,GBP,Failed,10.0,10.0,AMOUNT_MISMATCH,AMOUNT_MISMATCH,1,Medium,Break,15,Open,Reconciliation Analyst,Compare source documents and investigate value difference.
REC-CASE-000159,TXN00005685,1,REC-A-TXN00005685,PaymentProcessorA,ACC001126,2026-04-01,34.12,GBP,Completed,1,REC-B-TXN00005685,CoreBankingB,ACC001126,2026-04-01,44.12,GBP,Completed,10.0,10.0,AMOUNT_MISMATCH,AMOUNT_MISMATCH,1,Medium,Break,95,Open,Reconciliation Analyst,Compare source documents and investigate value difference.
REC-CASE-000160,TXN00006600,1,REC-A-TXN00006600,PaymentProcessorA,ACC000087,2026-03-05,459.4,GBP,Completed,1,REC-B-TXN00006600,CoreBankingB,ACC000087,2026-03-05,469.4,GBP,Completed,10.0,10.0,AMOUNT_MISMATCH,AMOUNT_MISMATCH,1,Medium,Break,122,Open,Reconciliation Analyst,Compare source documents and investigate value difference.
REC-CASE-000161,TXN00006728,1,REC-A-TXN00006728,PaymentProcessorA,ACC000015,2026-02-20,5.2,GBP,Completed,1,REC-B-TXN00006728,CoreBankingB,ACC000015,2026-02-20,15.2,GBP,Completed,10.0,10.0,AMOUNT_MISMATCH,AMOUNT_MISMATCH,1,Medium,Break,135,Open,Reconciliation Analyst,Compare source documents and investigate value difference.
REC-CASE-000162,TXN00007404,1,REC-A-TXN00007404,PaymentProcessorA,ACC000415,2026-01-18,17.42,GBP,Completed,1,REC-B-TXN00007404,CoreBankingB,ACC000415,2026-01-18,27.42,GBP,Completed,10.0,10.0,AMOUNT_MISMATCH,AMOUNT_MISMATCH,1,Medium,Break,168,Open,Reconciliation Analyst,Compare source documents and investigate value difference.
REC-CASE-000163,TXN00008027,1,REC-A-TXN00008027,PaymentProcessorA,ACC001166,2026-03-30,30.33,GBP,Completed,1,REC-B-TXN00008027,CoreBankingB,ACC001166,2026-03-30,40.33,GBP,Completed,10.0,10.0,AMOUNT_MISMATCH,AMOUNT_MISMATCH,1,Medium,Break,97,Open,Reconciliation Analyst,Compare source documents and investigate value difference.
REC-CASE-000164,TXN00008172,1,REC-A-TXN00008172,PaymentProcessorA,ACC000157,2026-05-30,148.64,GBP,Pending,1,REC-B-TXN00008172,CoreBankingB,ACC000157,2026-05-30,158.64,GBP,Pending,10.0,10.0,AMOUNT_MISMATCH,AMOUNT_MISMATCH,1,Medium,Break,36,Open,Reconciliation Analyst,Compare source documents and investigate value difference.
REC-CASE-000165,TXN00009171,1,REC-A-TXN00009171,PaymentProcessorA,ACC000139,2026-03-29,43.62,GBP,Completed,1,REC-B-TXN00009171,CoreBankingB,ACC000139,2026-03-29,53.62,GBP,Completed,10.0,10.0,AMOUNT_MISMATCH,AMOUNT_MISMATCH,1,Medium,Break,98,Open,Reconciliation Analyst,Compare source documents and investigate value difference.
REC-CASE-000166,TXN00009588,1,REC-A-TXN00009588,PaymentProcessorA,ACC001003,2026-05-26,86.34,GBP,Completed,1,REC-B-TXN00009588,CoreBankingB,ACC001003,2026-05-26,96.34,GBP,Completed,10.0,10.0,AMOUNT_MISMATCH,AMOUNT_MISMATCH,1,Medium,Break,40,Open,Reconciliation Analyst,Compare source documents and investigate value difference.
REC-CASE-000167,TXN00006488,1,REC-A-TXN00006488,PaymentProcessorA,ACC000003,2026-06-30,15.12,GBP,Completed,1,REC-B-TXN00006488,CoreBankingB,ACC000003,2026-06-30,25.119999999999997,GBP,Completed,9.999999999999998,9.999999999999998,AMOUNT_MISMATCH,AMOUNT_MISMATCH,1,Medium,Break,5,Open,Reconciliation Analyst,Compare source documents and investigate value difference.
REC-CASE-000168,TXN00002349,1,REC-A-TXN00002349,PaymentProcessorA,ACC001203,2026-05-18,22.13,GBP,Completed,1,REC-B-TXN00002349,CoreBankingB,ACC001203,2026-05-18,32.129999999999995,GBP,Completed,9.999999999999996,9.999999999999996,AMOUNT_MISMATCH,AMOUNT_MISMATCH,1,Medium,Break,48,Open,Reconciliation Analyst,Compare source documents and investigate value difference.
REC-CASE-000169,TXN00006609,1,REC-A-TXN00006609,PaymentProcessorA,ACC000688,2026-07-04,27.31,GBP,Completed,1,REC-B-TXN00006609,CoreBankingB,ACC000688,2026-07-04,32.31,GBP,Completed,5.0000000000000036,5.0000000000000036,AMOUNT_MISMATCH,AMOUNT_MISMATCH,1,Medium,Break,1,Open,Reconciliation Analyst,Compare source documents and investigate value difference.
REC-CASE-000170,TXN00006497,1,REC-A-TXN00006497,PaymentProcessorA,ACC001199,2026-06-21,6.62,GBP,Completed,1,REC-B-TXN00006497,CoreBankingB,ACC001199,2026-06-21,11.620000000000001,GBP,Completed,5.000000000000001,5.000000000000001,AMOUNT_MISMATCH,AMOUNT_MISMATCH,1,Medium,Break,14,Open,Reconciliation Analyst,Compare source documents and investigate value difference.
REC-CASE-000171,TXN00000070,1,REC-A-TXN00000070,PaymentProcessorA,ACC000348,2026-02-26,174.98,EUR,Completed,1,REC-B-TXN00000070,CoreBankingB,ACC000348,2026-02-26,179.98,EUR,Completed,5.0,5.0,AMOUNT_MISMATCH,AMOUNT_MISMATCH,1,Medium,Break,129,Open,Reconciliation Analyst,Compare source documents and investigate value difference.
REC-CASE-000172,TXN00000676,1,REC-A-TXN00000676,PaymentProcessorA,ACC000828,2026-03-26,199.63,GBP,Completed,1,REC-B-TXN00000676,CoreBankingB,ACC000828,2026-03-26,204.63,GBP,Completed,5.0,5.0,AMOUNT_MISMATCH,AMOUNT_MISMATCH,1,Medium,Break,101,Open,Reconciliation Analyst,Compare source documents and investigate value difference.
REC-CASE-000173,TXN00001963,1,REC-A-TXN00001963,PaymentProcessorA,ACC001077,2026-05-25,42.62,GBP,Completed,1,REC-B-TXN00001963,CoreBankingB,ACC001077,2026-05-25,47.62,GBP,Completed,5.0,5.0,AMOUNT_MISMATCH,AMOUNT_MISMATCH,1,Medium,Break,41,Open,Reconciliation Analyst,Compare source documents and investigate value difference.
REC-CASE-000174,TXN00002089,1,REC-A-TXN00002089,PaymentProcessorA,ACC000624,2026-03-11,42.6,GBP,Completed,1,REC-B-TXN00002089,CoreBankingB,ACC000624,2026-03-11,47.6,GBP,Completed,5.0,5.0,AMOUNT_MISMATCH,AMOUNT_MISMATCH,1,Medium,Break,116,Open,Reconciliation Analyst,Compare source documents and investigate value difference.
REC-CASE-000175,TXN00002200,1,REC-A-TXN00002200,PaymentProcessorA,ACC000710,2026-01-30,151.77,GBP,Completed,1,REC-B-TXN00002200,CoreBankingB,ACC000710,2026-01-30,156.77,GBP,Completed,5.0,5.0,AMOUNT_MISMATCH,AMOUNT_MISMATCH,1,Medium,Break,156,Open,Reconciliation Analyst,Compare source documents and investigate value difference.
REC-CASE-000176,TXN00003108,1,REC-A-TXN00003108,PaymentProcessorA,ACC000608,2026-04-29,24.1,GBP,Completed,1,REC-B-TXN00003108,CoreBankingB,ACC000608,2026-04-29,29.1,GBP,Completed,5.0,5.0,AMOUNT_MISMATCH,AMOUNT_MISMATCH,1,Medium,Break,67,Open,Reconciliation Analyst,Compare source documents and investigate value difference.
REC-CASE-000177,TXN00004901,1,REC-A-TXN00004901,PaymentProcessorA,ACC000233,2026-03-25,39.82,USD,Completed,1,REC-B-TXN00004901,CoreBankingB,ACC000233,2026-03-25,44.82,USD,Completed,5.0,5.0,AMOUNT_MISMATCH,AMOUNT_MISMATCH,1,Medium,Break,102,Open,Reconciliation Analyst,Compare source documents and investigate value difference.
REC-CASE-000178,TXN00005131,1,REC-A-TXN00005131,PaymentProcessorA,ACC000937,2026-04-03,11.04,GBP,Completed,1,REC-B-TXN00005131,CoreBankingB,ACC000937,2026-04-03,16.04,GBP,Completed,5.0,5.0,AMOUNT_MISMATCH,AMOUNT_MISMATCH,1,Medium,Break,93,Open,Reconciliation Analyst,Compare source documents and investigate value difference.
REC-CASE-000179,TXN00005539,1,REC-A-TXN00005539,PaymentProcessorA,ACC000445,2026-04-18,44.8,USD,Completed,1,REC-B-TXN00005539,CoreBankingB,ACC000445,2026-04-18,49.8,USD,Completed,5.0,5.0,AMOUNT_MISMATCH,AMOUNT_MISMATCH,1,Medium,Break,78,Open,Reconciliation Analyst,Compare source documents and investigate value difference.
REC-CASE-000180,TXN00007018,1,REC-A-TXN00007018,PaymentProcessorA,ACC000520,2026-02-19,12.75,GBP,Completed,1,REC-B-TXN00007018,CoreBankingB,ACC000520,2026-02-19,17.75,GBP,Completed,5.0,5.0,AMOUNT_MISMATCH,AMOUNT_MISMATCH,1,Medium,Break,136,Open,Reconciliation Analyst,Compare source documents and investigate value difference.
REC-CASE-000181,TXN00007232,1,REC-A-TXN00007232,PaymentProcessorA,ACC000937,2026-01-22,306.3,EUR,Completed,1,REC-B-TXN00007232,CoreBankingB,ACC000937,2026-01-22,311.3,EUR,Completed,5.0,5.0,AMOUNT_MISMATCH,AMOUNT_MISMATCH,1,Medium,Break,164,Open,Reconciliation Analyst,Compare source documents and investigate value difference.
REC-CASE-000182,TXN00007622,1,REC-A-TXN00007622,PaymentProcessorA,ACC000289,2026-03-01,9.58,GBP,Completed,1,REC-B-TXN00007622,CoreBankingB,ACC000289,2026-03-01,14.58,GBP,Completed,5.0,5.0,AMOUNT_MISMATCH,AMOUNT_MISMATCH,1,Medium,Break,126,Open,Reconciliation Analyst,Compare source documents and investigate value difference.
REC-CASE-000183,TXN00007671,1,REC-A-TXN00007671,PaymentProcessorA,ACC001053,2026-02-17,8.89,GBP,Completed,1,REC-B-TXN00007671,CoreBankingB,ACC001053,2026-02-17,13.89,GBP,Completed,5.0,5.0,AMOUNT_MISMATCH,AMOUNT_MISMATCH,1,Medium,Break,138,Open,Reconciliation Analyst,Compare source documents and investigate value difference.
REC-CASE-000184,TXN00007760,1,REC-A-TXN00007760,PaymentProcessorA,ACC000033,2026-01-08,348.64,GBP,Completed,1,REC-B-TXN00007760,CoreBankingB,ACC000033,2026-01-08,353.64,GBP,Completed,5.0,5.0,AMOUNT_MISMATCH,AMOUNT_MISMATCH,1,Medium,Break,178,Open,Reconciliation Analyst,Compare source documents and investigate value difference.
REC-CASE-000185,TXN00008344,1,REC-A-TXN00008344,PaymentProcessorA,ACC001260,2026-02-15,46.85,GBP,Completed,1,REC-B-TXN00008344,CoreBankingB,ACC001260,2026-02-15,51.85,GBP,Completed,5.0,5.0,AMOUNT_MISMATCH,AMOUNT_MISMATCH,1,Medium,Break,140,Open,Reconciliation Analyst,Compare source documents and investigate value difference.
REC-CASE-000186,TXN00009110,1,REC-A-TXN00009110,PaymentProcessorA,ACC000593,2026-04-13,83.67,GBP,Completed,1,REC-B-TXN00009110,CoreBankingB,ACC000593,2026-04-13,88.67,GBP,Completed,5.0,5.0,AMOUNT_MISMATCH,AMOUNT_MISMATCH,1,Medium,Break,83,Open,Reconciliation Analyst,Compare source documents and investigate value difference.
REC-CASE-000187,TXN00009542,1,REC-A-TXN00009542,PaymentProcessorA,ACC000989,2026-02-15,127.99,GBP,Completed,1,REC-B-TXN00009542,CoreBankingB,ACC000989,2026-02-15,130.74,GBP,Completed,2.750000000000014,2.750000000000014,AMOUNT_MISMATCH,AMOUNT_MISMATCH,1,Medium,Break,140,Open,Reconciliation Analyst,Compare source documents and investigate value difference.
REC-CASE-000188,TXN00000059,1,REC-A-TXN00000059,PaymentProcessorA,ACC000346,2026-02-23,12.11,GBP,Completed,1,REC-B-TXN00000059,CoreBankingB,ACC000346,2026-02-23,14.86,GBP,Completed,2.75,2.75,AMOUNT_MISMATCH,AMOUNT_MISMATCH,1,Medium,Break,132,Open,Reconciliation Analyst,Compare source documents and investigate value difference.
REC-CASE-000189,TXN00000060,1,REC-A-TXN00000060,PaymentProcessorA,ACC000535,2026-04-27,11.07,USD,Completed,1,REC-B-TXN00000060,CoreBankingB,ACC000535,2026-04-27,13.82,USD,Completed,2.75,2.75,AMOUNT_MISMATCH,AMOUNT_MISMATCH,1,Medium,Break,69,Open,Reconciliation Analyst,Compare source documents and investigate value difference.
REC-CASE-000190,TXN00000074,1,REC-A-TXN00000074,PaymentProcessorA,ACC000213,2026-06-08,27.14,GBP,Pending,1,REC-B-TXN00000074,CoreBankingB,ACC000213,2026-06-08,29.89,GBP,Pending,2.75,2.75,AMOUNT_MISMATCH,AMOUNT_MISMATCH,1,Medium,Break,27,Open,Reconciliation Analyst,Compare source documents and investigate value difference.
REC-CASE-000191,TXN00000133,1,REC-A-TXN00000133,PaymentProcessorA,ACC000598,2026-05-09,44.02,GBP,Failed,1,REC-B-TXN00000133,CoreBankingB,ACC000598,2026-05-09,46.77,GBP,Failed,2.75,2.75,AMOUNT_MISMATCH,AMOUNT_MISMATCH,1,Medium,Break,57,Open,Reconciliation Analyst,Compare source documents and investigate value difference.
REC-CASE-000192,TXN00000231,1,REC-A-TXN00000231,PaymentProcessorA,ACC000359,2026-02-17,11.02,GBP,Completed,1,REC-B-TXN00000231,CoreBankingB,ACC000359,2026-02-17,13.77,GBP,Completed,2.75,2.75,AMOUNT_MISMATCH,AMOUNT_MISMATCH,1,Medium,Break,138,Open,Reconciliation Analyst,Compare source documents and investigate value difference.
REC-CASE-000193,TXN00000411,1,REC-A-TXN00000411,PaymentProcessorA,ACC000591,2026-02-17,75.0,GBP,Completed,1,REC-B-TXN00000411,CoreBankingB,ACC000591,2026-02-17,77.75,GBP,Completed,2.75,2.75,AMOUNT_MISMATCH,AMOUNT_MISMATCH,1,Medium,Break,138,Open,Reconciliation Analyst,Compare source documents and investigate value difference.
REC-CASE-000194,TXN00001644,1,REC-A-TXN00001644,PaymentProcessorA,ACC001282,2026-03-31,85.41,GBP,Completed,1,REC-B-TXN00001644,CoreBankingB,ACC001282,2026-03-31,88.16,GBP,Completed,2.75,2.75,AMOUNT_MISMATCH,AMOUNT_MISMATCH,1,Medium,Break,96,Open,Reconciliation Analyst,Compare source documents and investigate value difference.
REC-CASE-000195,TXN00002068,1,REC-A-TXN00002068,PaymentProcessorA,ACC001296,2026-06-17,37.37,GBP,Completed,1,REC-B-TXN00002068,CoreBankingB,ACC001296,2026-06-17,40.12,GBP,Completed,2.75,2.75,AMOUNT_MISMATCH,AMOUNT_MISMATCH,1,Medium,Break,18,Open,Reconciliation Analyst,Compare source documents and investigate value difference.
REC-CASE-000196,TXN00002466,1,REC-A-TXN00002466,PaymentProcessorA,ACC000270,2026-05-28,13.52,USD,Pending,1,REC-B-TXN00002466,CoreBankingB,ACC000270,2026-05-28,16.27,USD,Pending,2.75,2.75,AMOUNT_MISMATCH,AMOUNT_MISMATCH,1,Medium,Break,38,Open,Reconciliation Analyst,Compare source documents and investigate value difference.
REC-CASE-000197,TXN00003018,1,REC-A-TXN00003018,PaymentProcessorA,ACC000097,2026-06-26,58.76,GBP,Completed,1,REC-B-TXN00003018,CoreBankingB,ACC000097,2026-06-26,61.51,GBP,Completed,2.75,2.75,AMOUNT_MISMATCH,AMOUNT_MISMATCH,1,Medium,Break,9,Open,Reconciliation Analyst,Compare source documents and investigate value difference.
REC-CASE-000198,TXN00003786,1,REC-A-TXN00003786,PaymentProcessorA,ACC000401,2026-01-25,43.48,EUR,Completed,1,REC-B-TXN00003786,CoreBankingB,ACC000401,2026-01-25,46.23,EUR,Completed,2.75,2.75,AMOUNT_MISMATCH,AMOUNT_MISMATCH,1,Medium,Break,161,Open,Reconciliation Analyst,Compare source documents and investigate value difference.
REC-CASE-000199,TXN00003935,1,REC-A-TXN00003935,PaymentProcessorA,ACC000694,2026-03-31,18.21,USD,Completed,1,REC-B-TXN00003935,CoreBankingB,ACC000694,2026-03-31,20.96,USD,Completed,2.75,2.75,AMOUNT_MISMATCH,AMOUNT_MISMATCH,1,Medium,Break,96,Open,Reconciliation Analyst,Compare source documents and investigate value difference.
REC-CASE-000200,TXN00006493,1,REC-A-TXN00006493,PaymentProcessorA,ACC001171,2026-03-26,82.41,GBP,Failed,1,REC-B-TXN00006493,CoreBankingB,ACC001171,2026-03-26,85.16,GBP,Failed,2.75,2.75,AMOUNT_MISMATCH,AMOUNT_MISMATCH,1,Medium,Break,101,Open,Reconciliation Analyst,Compare source documents and investigate value difference.
REC-CASE-000201,TXN00007320,1,REC-A-TXN00007320,PaymentProcessorA,ACC001171,2026-06-25,15.7,EUR,Completed,1,REC-B-TXN00007320,CoreBankingB,ACC001171,2026-06-25,18.45,EUR,Completed,2.75,2.75,AMOUNT_MISMATCH,AMOUNT_MISMATCH,1,Medium,Break,10,Open,Reconciliation Analyst,Compare source documents and investigate value difference.
REC-CASE-000202,TXN00008815,1,REC-A-TXN00008815,PaymentProcessorA,ACC000949,2026-01-22,274.12,GBP,Reversed,1,REC-B-TXN00008815,CoreBankingB,ACC000949,2026-01-22,276.87,GBP,Reversed,2.75,2.75,AMOUNT_MISMATCH,AMOUNT_MISMATCH,1,Medium,Break,164,Open,Reconciliation Analyst,Compare source documents and investigate value difference.
REC-CASE-000203,TXN00001834,1,REC-A-TXN00001834,PaymentProcessorA,ACC000870,2026-03-22,7.61,GBP,Completed,1,REC-B-TXN00001834,CoreBankingB,ACC000870,2026-03-22,10.36,GBP,Completed,2.749999999999999,2.749999999999999,AMOUNT_MISMATCH,AMOUNT_MISMATCH,1,Medium,Break,105,Open,Reconciliation Analyst,Compare source documents and investigate value difference.
REC-CASE-000204,TXN00000832,1,REC-A-TXN00000832,PaymentProcessorA,ACC000213,2026-03-21,30.66,GBP,Completed,1,REC-B-TXN00000832,CoreBankingB,ACC000213,2026-03-21,33.41,GBP,Completed,2.7499999999999964,2.7499999999999964,AMOUNT_MISMATCH,AMOUNT_MISMATCH,1,Medium,Break,106,Open,Reconciliation Analyst,Compare source documents and investigate value difference.
REC-CASE-000205,TXN00006210,1,REC-A-TXN00006210,PaymentProcessorA,ACC001220,2026-02-14,62.04,GBP,Completed,1,REC-B-TXN00006210,CoreBankingB,ACC001220,2026-02-14,64.78999999999999,GBP,Completed,2.749999999999993,2.749999999999993,AMOUNT_MISMATCH,AMOUNT_MISMATCH,1,Medium,Break,141,Open,Reconciliation Analyst,Compare source documents and investigate value difference.
REC-CASE-000206,TXN00000591,1,REC-A-TXN00000591,PaymentProcessorA,ACC000313,2026-05-23,140.53,GBP,Completed,1,REC-B-TXN00000591,CoreBankingB,ACC000313,2026-05-23,142.03,GBP,Completed,1.5,1.5,AMOUNT_MISMATCH,AMOUNT_MISMATCH,1,Medium,Break,43,Open,Reconciliation Analyst,Compare source documents and investigate value difference.
REC-CASE-000207,TXN00000810,1,REC-A-TXN00000810,PaymentProcessorA,ACC000565,2026-06-01,426.37,GBP,Completed,1,REC-B-TXN00000810,CoreBankingB,ACC000565,2026-06-01,427.87,GBP,Completed,1.5,1.5,AMOUNT_MISMATCH,AMOUNT_MISMATCH,1,Medium,Break,34,Open,Reconciliation Analyst,Compare source documents and investigate value difference.
REC-CASE-000208,TXN00001314,1,REC-A-TXN00001314,PaymentProcessorA,ACC000408,2026-03-01,30.79,GBP,Completed,1,REC-B-TXN00001314,CoreBankingB,ACC000408,2026-03-01,32.29,GBP,Completed,1.5,1.5,AMOUNT_MISMATCH,AMOUNT_MISMATCH,1,Medium,Break,126,Open,Reconciliation Analyst,Compare source documents and investigate value difference.
REC-CASE-000209,TXN00002956,1,REC-A-TXN00002956,PaymentProcessorA,ACC000473,2026-01-08,79.45,GBP,Completed,1,REC-B-TXN00002956,CoreBankingB,ACC000473,2026-01-08,80.95,GBP,Completed,1.5,1.5,AMOUNT_MISMATCH,AMOUNT_MISMATCH,1,Medium,Break,178,Open,Reconciliation Analyst,Compare source documents and investigate value difference.
REC-CASE-000210,TXN00004113,1,REC-A-TXN00004113,PaymentProcessorA,ACC000859,2026-03-30,11.93,GBP,Completed,1,REC-B-TXN00004113,CoreBankingB,ACC000859,2026-03-30,13.43,GBP,Completed,1.5,1.5,AMOUNT_MISMATCH,AMOUNT_MISMATCH,1,Medium,Break,97,Open,Reconciliation Analyst,Compare source documents and investigate value difference.
REC-CASE-000211,TXN00004503,1,REC-A-TXN00004503,PaymentProcessorA,ACC000927,2026-05-01,59.16,USD,Completed,1,REC-B-TXN00004503,CoreBankingB,ACC000927,2026-05-01,60.66,USD,Completed,1.5,1.5,AMOUNT_MISMATCH,AMOUNT_MISMATCH,1,Medium,Break,65,Open,Reconciliation Analyst,Compare source documents and investigate value difference.
REC-CASE-000212,TXN00004857,1,REC-A-TXN00004857,PaymentProcessorA,ACC000727,2026-07-01,18.42,GBP,Completed,1,REC-B-TXN00004857,CoreBankingB,ACC000727,2026-07-01,19.92,GBP,Completed,1.5,1.5,AMOUNT_MISMATCH,AMOUNT_MISMATCH,1,Medium,Break,4,Open,Reconciliation Analyst,Compare source documents and investigate value difference.
REC-CASE-000213,TXN00004984,1,REC-A-TXN00004984,PaymentProcessorA,ACC000200,2026-05-24,96.89,GBP,Completed,1,REC-B-TXN00004984,CoreBankingB,ACC000200,2026-05-24,98.39,GBP,Completed,1.5,1.5,AMOUNT_MISMATCH,AMOUNT_MISMATCH,1,Medium,Break,42,Open,Reconciliation Analyst,Compare source documents and investigate value difference.
REC-CASE-000214,TXN00005027,1,REC-A-TXN00005027,PaymentProcessorA,ACC001179,2026-03-07,30.71,GBP,Completed,1,REC-B-TXN00005027,CoreBankingB,ACC001179,2026-03-07,32.21,GBP,Completed,1.5,1.5,AMOUNT_MISMATCH,AMOUNT_MISMATCH,1,Medium,Break,120,Open,Reconciliation Analyst,Compare source documents and investigate value difference.
REC-CASE-000215,TXN00005492,1,REC-A-TXN00005492,PaymentProcessorA,ACC000587,2026-03-04,67.54,GBP,Completed,1,REC-B-TXN00005492,CoreBankingB,ACC000587,2026-03-04,69.04,GBP,Completed,1.5,1.5,AMOUNT_MISMATCH,AMOUNT_MISMATCH,1,Medium,Break,123,Open,Reconciliation Analyst,Compare source documents and investigate value difference.
REC-CASE-000216,TXN00005577,1,REC-A-TXN00005577,PaymentProcessorA,ACC000851,2026-04-12,32.89,USD,Completed,1,REC-B-TXN00005577,CoreBankingB,ACC000851,2026-04-12,34.39,USD,Completed,1.5,1.5,AMOUNT_MISMATCH,AMOUNT_MISMATCH,1,Medium,Break,84,Open,Reconciliation Analyst,Compare source documents and investigate value difference.
REC-CASE-000217,TXN00005742,1,REC-A-TXN00005742,PaymentProcessorA,ACC000782,2026-07-04,66.86,GBP,Completed,1,REC-B-TXN00005742,CoreBankingB,ACC000782,2026-07-04,68.36,GBP,Completed,1.5,1.5,AMOUNT_MISMATCH,AMOUNT_MISMATCH,1,Medium,Break,1,Open,Reconciliation Analyst,Compare source documents and investigate value difference.
REC-CASE-000218,TXN00006067,1,REC-A-TXN00006067,PaymentProcessorA,ACC000150,2026-05-05,28.75,USD,Pending,1,REC-B-TXN00006067,CoreBankingB,ACC000150,2026-05-05,30.25,USD,Pending,1.5,1.5,AMOUNT_MISMATCH,AMOUNT_MISMATCH,1,Medium,Break,61,Open,Reconciliation Analyst,Compare source documents and investigate value difference.
REC-CASE-000219,TXN00007477,1,REC-A-TXN00007477,PaymentProcessorA,ACC000031,2026-06-02,75.93,GBP,Completed,1,REC-B-TXN00007477,CoreBankingB,ACC000031,2026-06-02,77.43,GBP,Completed,1.5,1.5,AMOUNT_MISMATCH,AMOUNT_MISMATCH,1,Medium,Break,33,Open,Reconciliation Analyst,Compare source documents and investigate value difference.
REC-CASE-000220,TXN00008750,1,REC-A-TXN00008750,PaymentProcessorA,ACC001073,2026-05-22,16.64,GBP,Completed,1,REC-B-TXN00008750,CoreBankingB,ACC001073,2026-05-22,18.14,GBP,Completed,1.5,1.5,AMOUNT_MISMATCH,AMOUNT_MISMATCH,1,Medium,Break,44,Open,Reconciliation Analyst,Compare source documents and investigate value difference.
REC-CASE-000221,TXN00000001,1,REC-A-TXN00000001,PaymentProcessorA,ACC000845,2026-03-11,60.14,USD,Completed,1,REC-B-TXN00000001,CoreBankingB,ACC000845,2026-03-12,60.14,USD,Completed,0.0,0.0,DATE_MISMATCH,DATE_MISMATCH,1,Medium,Break,116,Open,Reconciliation Analyst,"Check booking date, settlement date and posting delay."
REC-CASE-000222,TXN00000049,1,REC-A-TXN00000049,PaymentProcessorA,ACC000908,2026-06-27,18.6,USD,Completed,1,REC-B-TXN00000049,CoreBankingB,ACC000908,2026-06-28,18.6,USD,Completed,0.0,0.0,DATE_MISMATCH,DATE_MISMATCH,1,Medium,Break,8,Open,Reconciliation Analyst,"Check booking date, settlement date and posting delay."
REC-CASE-000223,TXN00000105,1,REC-A-TXN00000105,PaymentProcessorA,ACC001174,2026-03-21,35.64,GBP,Completed,1,REC-B-TXN00000105,CoreBankingB,ACC001174,2026-03-22,35.64,GBP,Completed,0.0,0.0,DATE_MISMATCH,DATE_MISMATCH,1,Medium,Break,106,Open,Reconciliation Analyst,"Check booking date, settlement date and posting delay."
REC-CASE-000224,TXN00000473,1,REC-A-TXN00000473,PaymentProcessorA,ACC001272,2026-03-24,9.18,GBP,Completed,1,REC-B-TXN00000473,CoreBankingB,ACC001272,2026-03-25,9.18,GBP,Completed,0.0,0.0,DATE_MISMATCH,DATE_MISMATCH,1,Medium,Break,103,Open,Reconciliation Analyst,"Check booking date, settlement date and posting delay."
REC-CASE-000225,TXN00000497,1,REC-A-TXN00000497,PaymentProcessorA,ACC001196,2026-05-14,6.02,GBP,Completed,1,REC-B-TXN00000497,CoreBankingB,ACC001196,2026-05-15,6.02,GBP,Completed,0.0,0.0,DATE_MISMATCH,DATE_MISMATCH,1,Medium,Break,52,Open,Reconciliation Analyst,"Check booking date, settlement date and posting delay."
REC-CASE-000226,TXN00000701,1,REC-A-TXN00000701,PaymentProcessorA,ACC001062,2026-05-07,102.43,GBP,Completed,1,REC-B-TXN00000701,CoreBankingB,ACC001062,2026-05-08,102.43,GBP,Completed,0.0,0.0,DATE_MISMATCH,DATE_MISMATCH,1,Medium,Break,59,Open,Reconciliation Analyst,"Check booking date, settlement date and posting delay."
REC-CASE-000227,TXN00000737,1,REC-A-TXN00000737,PaymentProcessorA,ACC000327,2026-02-01,20.85,USD,Completed,1,REC-B-TXN00000737,CoreBankingB,ACC000327,2026-02-02,20.85,USD,Completed,0.0,0.0,DATE_MISMATCH,DATE_MISMATCH,1,Medium,Break,154,Open,Reconciliation Analyst,"Check booking date, settlement date and posting delay."
REC-CASE-000228,TXN00000760,1,REC-A-TXN00000760,PaymentProcessorA,ACC000011,2026-01-20,104.92,GBP,Completed,1,REC-B-TXN00000760,CoreBankingB,ACC000011,2026-01-21,104.92,GBP,Completed,0.0,0.0,DATE_MISMATCH,DATE_MISMATCH,1,Medium,Break,166,Open,Reconciliation Analyst,"Check booking date, settlement date and posting delay."
REC-CASE-000229,TXN00000994,1,REC-A-TXN00000994,PaymentProcessorA,ACC001139,2026-05-21,10.74,GBP,Completed,1,REC-B-TXN00000994,CoreBankingB,ACC001139,2026-05-22,10.74,GBP,Completed,0.0,0.0,DATE_MISMATCH,DATE_MISMATCH,1,Medium,Break,45,Open,Reconciliation Analyst,"Check booking date, settlement date and posting delay."
REC-CASE-000230,TXN00001010,1,REC-A-TXN00001010,PaymentProcessorA,ACC001275,2026-04-29,59.98,USD,Completed,1,REC-B-TXN00001010,CoreBankingB,ACC001275,2026-04-30,59.98,USD,Completed,0.0,0.0,DATE_MISMATCH,DATE_MISMATCH,1,Medium,Break,67,Open,Reconciliation Analyst,"Check booking date, settlement date and posting delay."
REC-CASE-000231,TXN00001021,1,REC-A-TXN00001021,PaymentProcessorA,ACC000982,2026-02-25,25.47,EUR,Completed,1,REC-B-TXN00001021,CoreBankingB,ACC000982,2026-02-26,25.47,EUR,Completed,0.0,0.0,DATE_MISMATCH,DATE_MISMATCH,1,Medium,Break,130,Open,Reconciliation Analyst,"Check booking date, settlement date and posting delay."
REC-CASE-000232,TXN00001200,1,REC-A-TXN00001200,PaymentProcessorA,ACC000099,2026-07-04,50.95,GBP,Completed,1,REC-B-TXN00001200,CoreBankingB,ACC000099,2026-07-05,50.95,GBP,Completed,0.0,0.0,DATE_MISMATCH,DATE_MISMATCH,1,Medium,Break,1,Open,Reconciliation Analyst,"Check booking date, settlement date and posting delay."
REC-CASE-000233,TXN00001361,1,REC-A-TXN00001361,PaymentProcessorA,ACC000593,2026-05-27,62.7,GBP,Pending,1,REC-B-TXN00001361,CoreBankingB,ACC000593,2026-05-28,62.7,GBP,Pending,0.0,0.0,DATE_MISMATCH,DATE_MISMATCH,1,Medium,Break,39,Open,Reconciliation Analyst,"Check booking date, settlement date and posting delay."
REC-CASE-000234,TXN00001473,1,REC-A-TXN00001473,PaymentProcessorA,ACC001045,2026-02-16,61.17,GBP,Completed,1,REC-B-TXN00001473,CoreBankingB,ACC001045,2026-02-17,61.17,GBP,Completed,0.0,0.0,DATE_MISMATCH,DATE_MISMATCH,1,Medium,Break,139,Open,Reconciliation Analyst,"Check booking date, settlement date and posting delay."
REC-CASE-000235,TXN00001499,1,REC-A-TXN00001499,PaymentProcessorA,ACC000359,2026-05-12,88.59,GBP,Completed,1,REC-B-TXN00001499,CoreBankingB,ACC000359,2026-05-13,88.59,GBP,Completed,0.0,0.0,DATE_MISMATCH,DATE_MISMATCH,1,Medium,Break,54,Open,Reconciliation Analyst,"Check booking date, settlement date and posting delay."
REC-CASE-000236,TXN00002246,1,REC-A-TXN00002246,PaymentProcessorA,ACC000756,2026-03-31,18.91,GBP,Completed,1,REC-B-TXN00002246,CoreBankingB,ACC000756,2026-04-01,18.91,GBP,Completed,0.0,0.0,DATE_MISMATCH,DATE_MISMATCH,1,Medium,Break,96,Open,Reconciliation Analyst,"Check booking date, settlement date and posting delay."
REC-CASE-000237,TXN00002363,1,REC-A-TXN00002363,PaymentProcessorA,ACC000277,2026-02-14,60.32,GBP,Completed,1,REC-B-TXN00002363,CoreBankingB,ACC000277,2026-02-15,60.32,GBP,Completed,0.0,0.0,DATE_MISMATCH,DATE_MISMATCH,1,Medium,Break,141,Open,Reconciliation Analyst,"Check booking date, settlement date and posting delay."
REC-CASE-000238,TXN00002376,1,REC-A-TXN00002376,PaymentProcessorA,ACC000035,2026-03-11,16.68,GBP,Completed,1,REC-B-TXN00002376,CoreBankingB,ACC000035,2026-03-12,16.68,GBP,Completed,0.0,0.0,DATE_MISMATCH,DATE_MISMATCH,1,Medium,Break,116,Open,Reconciliation Analyst,"Check booking date, settlement date and posting delay."
REC-CASE-000239,TXN00002426,1,REC-A-TXN00002426,PaymentProcessorA,ACC000596,2026-05-03,59.3,GBP,Completed,1,REC-B-TXN00002426,CoreBankingB,ACC000596,2026-05-04,59.3,GBP,Completed,0.0,0.0,DATE_MISMATCH,DATE_MISMATCH,1,Medium,Break,63,Open,Reconciliation Analyst,"Check booking date, settlement date and posting delay."
REC-CASE-000240,TXN00002499,1,REC-A-TXN00002499,PaymentProcessorA,ACC000939,2026-04-01,68.01,GBP,Completed,1,REC-B-TXN00002499,CoreBankingB,ACC000939,2026-04-02,68.01,GBP,Completed,0.0,0.0,DATE_MISMATCH,DATE_MISMATCH,1,Medium,Break,95,Open,Reconciliation Analyst,"Check booking date, settlement date and posting delay."
REC-CASE-000241,TXN00002770,1,REC-A-TXN00002770,PaymentProcessorA,ACC001177,2026-04-28,22.2,GBP,Completed,1,REC-B-TXN00002770,CoreBankingB,ACC001177,2026-04-29,22.2,GBP,Completed,0.0,0.0,DATE_MISMATCH,DATE_MISMATCH,1,Medium,Break,68,Open,Reconciliation Analyst,"Check booking date, settlement date and posting delay."
REC-CASE-000242,TXN00002908,1,REC-A-TXN00002908,PaymentProcessorA,ACC000456,2026-01-19,57.35,GBP,Completed,1,REC-B-TXN00002908,CoreBankingB,ACC000456,2026-01-20,57.35,GBP,Completed,0.0,0.0,DATE_MISMATCH,DATE_MISMATCH,1,Medium,Break,167,Open,Reconciliation Analyst,"Check booking date, settlement date and posting delay."
REC-CASE-000243,TXN00002998,1,REC-A-TXN00002998,PaymentProcessorA,ACC000619,2026-05-04,104.45,GBP,Completed,1,REC-B-TXN00002998,CoreBankingB,ACC000619,2026-05-05,104.45,GBP,Completed,0.0,0.0,DATE_MISMATCH,DATE_MISMATCH,1,Medium,Break,62,Open,Reconciliation Analyst,"Check booking date, settlement date and posting delay."
REC-CASE-000244,TXN00003020,1,REC-A-TXN00003020,PaymentProcessorA,ACC001146,2026-06-17,85.35,GBP,Completed,1,REC-B-TXN00003020,CoreBankingB,ACC001146,2026-06-18,85.35,GBP,Completed,0.0,0.0,DATE_MISMATCH,DATE_MISMATCH,1,Medium,Break,18,Open,Reconciliation Analyst,"Check booking date, settlement date and posting delay."
REC-CASE-000245,TXN00003106,1,REC-A-TXN00003106,PaymentProcessorA,ACC000012,2026-07-03,79.79,GBP,Completed,1,REC-B-TXN00003106,CoreBankingB,ACC000012,2026-07-04,79.79,GBP,Completed,0.0,0.0,DATE_MISMATCH,DATE_MISMATCH,1,Medium,Break,2,Open,Reconciliation Analyst,"Check booking date, settlement date and posting delay."
REC-CASE-000246,TXN00003393,1,REC-A-TXN00003393,PaymentProcessorA,ACC000783,2026-03-05,30.03,GBP,Completed,1,REC-B-TXN00003393,CoreBankingB,ACC000783,2026-03-06,30.03,GBP,Completed,0.0,0.0,DATE_MISMATCH,DATE_MISMATCH,1,Medium,Break,122,Open,Reconciliation Analyst,"Check booking date, settlement date and posting delay."
REC-CASE-000247,TXN00003551,1,REC-A-TXN00003551,PaymentProcessorA,ACC000874,2026-03-24,31.45,GBP,Failed,1,REC-B-TXN00003551,CoreBankingB,ACC000874,2026-03-25,31.45,GBP,Failed,0.0,0.0,DATE_MISMATCH,DATE_MISMATCH,1,Medium,Break,103,Open,Reconciliation Analyst,"Check booking date, settlement date and posting delay."
REC-CASE-000248,TXN00004353,1,REC-A-TXN00004353,PaymentProcessorA,ACC000772,2026-05-01,51.63,GBP,Completed,1,REC-B-TXN00004353,CoreBankingB,ACC000772,2026-05-02,51.63,GBP,Completed,0.0,0.0,DATE_MISMATCH,DATE_MISMATCH,1,Medium,Break,65,Open,Reconciliation Analyst,"Check booking date, settlement date and posting delay."
REC-CASE-000249,TXN00004476,1,REC-A-TXN00004476,PaymentProcessorA,ACC000387,2026-06-05,146.79,GBP,Completed,1,REC-B-TXN00004476,CoreBankingB,ACC000387,2026-06-06,146.79,GBP,Completed,0.0,0.0,DATE_MISMATCH,DATE_MISMATCH,1,Medium,Break,30,Open,Reconciliation Analyst,"Check booking date, settlement date and posting delay."
REC-CASE-000250,TXN00004562,1,REC-A-TXN00004562,PaymentProcessorA,ACC000396,2026-01-25,58.76,GBP,Completed,1,REC-B-TXN00004562,CoreBankingB,ACC000396,2026-01-26,58.76,GBP,Completed,0.0,0.0,DATE_MISMATCH,DATE_MISMATCH,1,Medium,Break,161,Open,Reconciliation Analyst,"Check booking date, settlement date and posting delay."
REC-CASE-000251,TXN00004752,1,REC-A-TXN00004752,PaymentProcessorA,ACC001118,2026-01-19,31.71,GBP,Completed,1,REC-B-TXN00004752,CoreBankingB,ACC001118,2026-01-20,31.71,GBP,Completed,0.0,0.0,DATE_MISMATCH,DATE_MISMATCH,1,Medium,Break,167,Open,Reconciliation Analyst,"Check booking date, settlement date and posting delay."
REC-CASE-000252,TXN00005227,1,REC-A-TXN00005227,PaymentProcessorA,ACC000328,2026-06-07,37.86,EUR,Completed,1,REC-B-TXN00005227,CoreBankingB,ACC000328,2026-06-08,37.86,EUR,Completed,0.0,0.0,DATE_MISMATCH,DATE_MISMATCH,1,Medium,Break,28,Open,Reconciliation Analyst,"Check booking date, settlement date and posting delay."
REC-CASE-000253,TXN00006082,1,REC-A-TXN00006082,PaymentProcessorA,ACC000711,2026-01-26,16.27,GBP,Completed,1,REC-B-TXN00006082,CoreBankingB,ACC000711,2026-01-27,16.27,GBP,Completed,0.0,0.0,DATE_MISMATCH,DATE_MISMATCH,1,Medium,Break,160,Open,Reconciliation Analyst,"Check booking date, settlement date and posting delay."
REC-CASE-000254,TXN00006262,1,REC-A-TXN00006262,PaymentProcessorA,ACC000224,2026-01-28,53.59,GBP,Completed,1,REC-B-TXN00006262,CoreBankingB,ACC000224,2026-01-29,53.59,GBP,Completed,0.0,0.0,DATE_MISMATCH,DATE_MISMATCH,1,Medium,Break,158,Open,Reconciliation Analyst,"Check booking date, settlement date and posting delay."
REC-CASE-000255,TXN00006501,1,REC-A-TXN00006501,PaymentProcessorA,ACC000535,2026-04-16,1714.17,GBP,Failed,1,REC-B-TXN00006501,CoreBankingB,ACC000535,2026-04-17,1714.17,GBP,Failed,0.0,0.0,DATE_MISMATCH,DATE_MISMATCH,1,Medium,Break,80,Open,Reconciliation Analyst,"Check booking date, settlement date and posting delay."
REC-CASE-000256,TXN00006632,1,REC-A-TXN00006632,PaymentProcessorA,ACC000566,2026-06-14,35.01,GBP,Completed,1,REC-B-TXN00006632,CoreBankingB,ACC000566,2026-06-15,35.01,GBP,Completed,0.0,0.0,DATE_MISMATCH,DATE_MISMATCH,1,Medium,Break,21,Open,Reconciliation Analyst,"Check booking date, settlement date and posting delay."
REC-CASE-000257,TXN00006741,1,REC-A-TXN00006741,PaymentProcessorA,ACC000103,2026-04-16,94.24,GBP,Completed,1,REC-B-TXN00006741,CoreBankingB,ACC000103,2026-04-17,94.24,GBP,Completed,0.0,0.0,DATE_MISMATCH,DATE_MISMATCH,1,Medium,Break,80,Open,Reconciliation Analyst,"Check booking date, settlement date and posting delay."
REC-CASE-000258,TXN00006757,1,REC-A-TXN00006757,PaymentProcessorA,ACC000070,2026-02-23,140.69,EUR,Completed,1,REC-B-TXN00006757,CoreBankingB,ACC000070,2026-02-24,140.69,EUR,Completed,0.0,0.0,DATE_MISMATCH,DATE_MISMATCH,1,Medium,Break,132,Open,Reconciliation Analyst,"Check booking date, settlement date and posting delay."
REC-CASE-000259,TXN00006818,1,REC-A-TXN00006818,PaymentProcessorA,ACC000984,2026-06-27,14.34,GBP,Completed,1,REC-B-TXN00006818,CoreBankingB,ACC000984,2026-06-28,14.34,GBP,Completed,0.0,0.0,DATE_MISMATCH,DATE_MISMATCH,1,Medium,Break,8,Open,Reconciliation Analyst,"Check booking date, settlement date and posting delay."
REC-CASE-000260,TXN00006975,1,REC-A-TXN00006975,PaymentProcessorA,ACC000205,2026-01-14,197.86,GBP,Completed,1,REC-B-TXN00006975,CoreBankingB,ACC000205,2026-01-15,197.86,GBP,Completed,0.0,0.0,DATE_MISMATCH,DATE_MISMATCH,1,Medium,Break,172,Open,Reconciliation Analyst,"Check booking date, settlement date and posting delay."
REC-CASE-000261,TXN00007365,1,REC-A-TXN00007365,PaymentProcessorA,ACC000724,2026-04-07,24.1,GBP,Failed,1,REC-B-TXN00007365,CoreBankingB,ACC000724,2026-04-08,24.1,GBP,Failed,0.0,0.0,DATE_MISMATCH,DATE_MISMATCH,1,Medium,Break,89,Open,Reconciliation Analyst,"Check booking date, settlement date and posting delay."
REC-CASE-000262,TXN00007458,1,REC-A-TXN00007458,PaymentProcessorA,ACC000967,2026-02-08,43.23,EUR,Completed,1,REC-B-TXN00007458,CoreBankingB,ACC000967,2026-02-09,43.23,EUR,Completed,0.0,0.0,DATE_MISMATCH,DATE_MISMATCH,1,Medium,Break,147,Open,Reconciliation Analyst,"Check booking date, settlement date and posting delay."
REC-CASE-000263,TXN00007485,1,REC-A-TXN00007485,PaymentProcessorA,ACC000894,2026-02-27,14.07,GBP,Completed,1,REC-B-TXN00007485,CoreBankingB,ACC000894,2026-02-28,14.07,GBP,Completed,0.0,0.0,DATE_MISMATCH,DATE_MISMATCH,1,Medium,Break,128,Open,Reconciliation Analyst,"Check booking date, settlement date and posting delay."
REC-CASE-000264,TXN00007647,1,REC-A-TXN00007647,PaymentProcessorA,ACC001131,2026-04-22,14.79,GBP,Completed,1,REC-B-TXN00007647,CoreBankingB,ACC001131,2026-04-23,14.79,GBP,Completed,0.0,0.0,DATE_MISMATCH,DATE_MISMATCH,1,Medium,Break,74,Open,Reconciliation Analyst,"Check booking date, settlement date and posting delay."
REC-CASE-000265,TXN00007925,1,REC-A-TXN00007925,PaymentProcessorA,ACC000888,2026-02-27,69.51,GBP,Completed,1,REC-B-TXN00007925,CoreBankingB,ACC000888,2026-02-28,69.51,GBP,Completed,0.0,0.0,DATE_MISMATCH,DATE_MISMATCH,1,Medium,Break,128,Open,Reconciliation Analyst,"Check booking date, settlement date and posting delay."
REC-CASE-000266,TXN00008181,1,REC-A-TXN00008181,PaymentProcessorA,ACC001011,2026-01-10,42.63,GBP,Completed,1,REC-B-TXN00008181,CoreBankingB,ACC001011,2026-01-11,42.63,GBP,Completed,0.0,0.0,DATE_MISMATCH,DATE_MISMATCH,1,Medium,Break,176,Open,Reconciliation Analyst,"Check booking date, settlement date and posting delay."
REC-CASE-000267,TXN00008501,1,REC-A-TXN00008501,PaymentProcessorA,ACC001078,2026-02-03,42.28,GBP,Reversed,1,REC-B-TXN00008501,CoreBankingB,ACC001078,2026-02-04,42.28,GBP,Reversed,0.0,0.0,DATE_MISMATCH,DATE_MISMATCH,1,Medium,Break,152,Open,Reconciliation Analyst,"Check booking date, settlement date and posting delay."
REC-CASE-000268,TXN00008594,1,REC-A-TXN00008594,PaymentProcessorA,ACC001263,2026-02-05,23.95,GBP,Completed,1,REC-B-TXN00008594,CoreBankingB,ACC001263,2026-02-06,23.95,GBP,Completed,0.0,0.0,DATE_MISMATCH,DATE_MISMATCH,1,Medium,Break,150,Open,Reconciliation Analyst,"Check booking date, settlement date and posting delay."
REC-CASE-000269,TXN00008715,1,REC-A-TXN00008715,PaymentProcessorA,ACC000799,2026-04-22,49.17,GBP,Completed,1,REC-B-TXN00008715,CoreBankingB,ACC000799,2026-04-23,49.17,GBP,Completed,0.0,0.0,DATE_MISMATCH,DATE_MISMATCH,1,Medium,Break,74,Open,Reconciliation Analyst,"Check booking date, settlement date and posting delay."
REC-CASE-000270,TXN00008848,1,REC-A-TXN00008848,PaymentProcessorA,ACC000612,2026-04-20,34.33,EUR,Completed,1,REC-B-TXN00008848,CoreBankingB,ACC000612,2026-04-21,34.33,EUR,Completed,0.0,0.0,DATE_MISMATCH,DATE_MISMATCH,1,Medium,Break,76,Open,Reconciliation Analyst,"Check booking date, settlement date and posting delay."
REC-CASE-000271,TXN00008910,1,REC-A-TXN00008910,PaymentProcessorA,ACC000890,2026-06-08,34.72,GBP,Pending,1,REC-B-TXN00008910,CoreBankingB,ACC000890,2026-06-09,34.72,GBP,Pending,0.0,0.0,DATE_MISMATCH,DATE_MISMATCH,1,Medium,Break,27,Open,Reconciliation Analyst,"Check booking date, settlement date and posting delay."
REC-CASE-000272,TXN00008934,1,REC-A-TXN00008934,PaymentProcessorA,ACC001212,2026-05-16,22.75,GBP,Completed,1,REC-B-TXN00008934,CoreBankingB,ACC001212,2026-05-17,22.75,GBP,Completed,0.0,0.0,DATE_MISMATCH,DATE_MISMATCH,1,Medium,Break,50,Open,Reconciliation Analyst,"Check booking date, settlement date and posting delay."
REC-CASE-000273,TXN00009089,1,REC-A-TXN00009089,PaymentProcessorA,ACC000110,2026-01-07,207.27,GBP,Completed,1,REC-B-TXN00009089,CoreBankingB,ACC000110,2026-01-08,207.27,GBP,Completed,0.0,0.0,DATE_MISMATCH,DATE_MISMATCH,1,Medium,Break,179,Open,Reconciliation Analyst,"Check booking date, settlement date and posting delay."
REC-CASE-000274,TXN00009187,1,REC-A-TXN00009187,PaymentProcessorA,ACC000837,2026-03-16,24.42,GBP,Completed,1,REC-B-TXN00009187,CoreBankingB,ACC000837,2026-03-17,24.42,GBP,Completed,0.0,0.0,DATE_MISMATCH,DATE_MISMATCH,1,Medium,Break,111,Open,Reconciliation Analyst,"Check booking date, settlement date and posting delay."
REC-CASE-000275,TXN00009412,1,REC-A-TXN00009412,PaymentProcessorA,ACC000767,2026-05-25,23.16,GBP,Completed,1,REC-B-TXN00009412,CoreBankingB,ACC000767,2026-05-26,23.16,GBP,Completed,0.0,0.0,DATE_MISMATCH,DATE_MISMATCH,1,Medium,Break,41,Open,Reconciliation Analyst,"Check booking date, settlement date and posting delay."
REC-CASE-000276,TXN00009413,1,REC-A-TXN00009413,PaymentProcessorA,ACC001050,2026-03-14,104.24,GBP,Completed,1,REC-B-TXN00009413,CoreBankingB,ACC001050,2026-03-15,104.24,GBP,Completed,0.0,0.0,DATE_MISMATCH,DATE_MISMATCH,1,Medium,Break,113,Open,Reconciliation Analyst,"Check booking date, settlement date and posting delay."
REC-CASE-000277,TXN00009476,1,REC-A-TXN00009476,PaymentProcessorA,ACC000756,2026-05-25,16.34,USD,Completed,1,REC-B-TXN00009476,CoreBankingB,ACC000756,2026-05-26,16.34,USD,Completed,0.0,0.0,DATE_MISMATCH,DATE_MISMATCH,1,Medium,Break,41,Open,Reconciliation Analyst,"Check booking date, settlement date and posting delay."
REC-CASE-000278,TXN00009478,1,REC-A-TXN00009478,PaymentProcessorA,ACC000570,2026-04-02,30.69,GBP,Completed,1,REC-B-TXN00009478,CoreBankingB,ACC000570,2026-04-03,30.69,GBP,Completed,0.0,0.0,DATE_MISMATCH,DATE_MISMATCH,1,Medium,Break,94,Open,Reconciliation Analyst,"Check booking date, settlement date and posting delay."
REC-CASE-000279,TXN00009786,1,REC-A-TXN00009786,PaymentProcessorA,ACC000310,2026-05-20,45.89,EUR,Completed,1,REC-B-TXN00009786,CoreBankingB,ACC000310,2026-05-21,45.89,EUR,Completed,0.0,0.0,DATE_MISMATCH,DATE_MISMATCH,1,Medium,Break,46,Open,Reconciliation Analyst,"Check booking date, settlement date and posting delay."
REC-CASE-000280,TXN00009901,1,REC-A-TXN00009901,PaymentProcessorA,ACC001199,2026-05-04,89.56,GBP,Completed,1,REC-B-TXN00009901,CoreBankingB,ACC001199,2026-05-05,89.56,GBP,Completed,0.0,0.0,DATE_MISMATCH,DATE_MISMATCH,1,Medium,Break,62,Open,Reconciliation Analyst,"Check booking date, settlement date and posting delay."
