account_id,customer_id,account_type,account_status,opened_date
ACC000001,CUST000621,Current,Active,2020-10-16
ACC000002,CUST000374,Current,Active,2022-11-10
ACC000003,CUST000746,Current,Active,2023-06-19
ACC000004,CUST000357,Savings,Active,2021-04-16
ACC000005,CUST000447,Current,Active,2024-05-14
ACC000006,CUST000704,Savings,Active,2022-02-15
ACC000007,CUST000785,Current,Active,2024-03-21
ACC000008,CUST000905,Current,Active,2023-06-27
ACC000009,CUST000622,Current,Active,2022-07-29
ACC000010,CUST000840,Current,Active,2026-02-24
ACC000011,CUST000420,Current,Active,2020-08-01
ACC000012,CUST000118,Current,Active,2024-06-12
ACC000013,CUST000221,Current,Active,2023-01-03
ACC000014,CUST000705,Current,Active,2021-04-23
ACC000015,CUST000921,Current,Active,2023-05-08
ACC000016,CUST000223,Current,Active,2019-09-18
ACC000017,CUST000915,Current,Active,2021-08-26
ACC000018,CUST000203,Current,Active,2020-12-09
ACC000019,CUST000123,Current,Active,2022-11-12
ACC000020,CUST000591,Current,Active,2020-01-28
ACC000021,CUST000292,Current,Dormant,2026-02-11
ACC000022,CUST000041,Current,Active,2021-04-06
ACC000023,CUST000426,Savings,Active,2022-08-27
ACC000024,CUST000794,Current,Active,2022-02-13
ACC000025,CUST000506,Savings,Dormant,2025-03-03
ACC000026,CUST000030,Current,Active,2024-12-22
ACC000027,CUST000705,Savings,Active,2025-07-18
ACC000028,CUST000832,Current,Active,2026-06-22
ACC000029,CUST000266,Savings,Active,2025-12-29
ACC000030,CUST000338,Current,Active,2022-04-11
ACC000031,CUST000948,Current,Active,2025-02-11
ACC000032,CUST000772,Current,Active,2021-11-23
ACC000033,CUST000126,Current,Active,2021-03-03
ACC000034,CUST000330,Savings,Active,2025-07-02
ACC000035,CUST000729,Current,Active,2023-10-24
ACC000036,CUST000877,Current,Active,2020-12-26
ACC000037,CUST000687,Current,Active,2024-06-04
ACC000038,CUST000214,Savings,Active,2020-10-07
ACC000039,CUST000726,Current,Active,2020-11-15
ACC000040,CUST000225,Business,Active,2021-06-15
ACC000041,CUST000799,Current,Active,2021-10-15
ACC000042,CUST000975,Savings,Active,2024-11-17
ACC000043,CUST000763,Current,Active,2021-05-13
ACC000044,CUST000488,Current,Active,2023-07-22
ACC000045,CUST000087,Current,Active,2022-01-29
ACC000046,CUST000342,Current,Active,2025-06-08
ACC000047,CUST000750,Business,Active,2024-05-29
ACC000048,CUST000283,Current,Active,2021-09-02
ACC000049,CUST000662,Current,Active,2025-03-29
ACC000050,CUST000590,Current,Active,2025-05-26
ACC000051,CUST000636,Current,Active,2022-02-15
ACC000052,CUST000844,Savings,Active,2024-03-23
ACC000053,CUST000356,Current,Active,2023-04-20
ACC000054,CUST000190,Current,Active,2021-03-08
ACC000055,CUST000929,Current,Active,2025-10-02
ACC000056,CUST000922,Current,Dormant,2021-03-18
ACC000057,CUST000182,Business,Active,2024-08-12
ACC000058,CUST000010,Current,Dormant,2019-12-29
ACC000059,CUST000254,Current,Active,2026-05-02
ACC000060,CUST000856,Current,Active,2024-11-20
ACC000061,CUST000824,Savings,Active,2022-08-06
ACC000062,CUST000499,Current,Active,2022-07-30
ACC000063,CUST000913,Current,Active,2019-11-07
ACC000064,CUST000703,Current,Active,2024-11-15
ACC000065,CUST000676,Business,Active,2026-03-09
ACC000066,CUST000713,Business,Active,2025-07-13
ACC000067,CUST000655,Current,Active,2020-06-03
ACC000068,CUST000180,Current,Active,2022-10-26
ACC000069,CUST000968,Business,Active,2026-01-25
ACC000070,CUST000352,Savings,Active,2021-06-05
ACC000071,CUST000356,Current,Dormant,2020-12-07
ACC000072,CUST000698,Current,Dormant,2020-04-08
ACC000073,CUST000499,Current,Active,2026-05-11
ACC000074,CUST000290,Savings,Active,2021-01-20
ACC000075,CUST000361,Current,Active,2023-09-18
ACC000076,CUST000291,Savings,Active,2020-03-30
ACC000077,CUST000278,Current,Active,2021-09-07
ACC000078,CUST000298,Current,Active,2022-07-22
ACC000079,CUST000653,Current,Active,2025-06-07
ACC000080,CUST000612,Current,Active,2022-11-30
ACC000081,CUST000787,Current,Active,2020-04-25
ACC000082,CUST000088,Current,Dormant,2021-05-11
ACC000083,CUST000802,Savings,Active,2024-12-22
ACC000084,CUST000321,Current,Active,2022-07-10
ACC000085,CUST000478,Current,Active,2026-03-21
ACC000086,CUST000432,Current,Active,2023-02-21
ACC000087,CUST000383,Current,Active,2020-03-10
ACC000088,CUST000866,Current,Active,2026-06-19
ACC000089,CUST000896,Current,Active,2025-08-01
ACC000090,CUST000666,Current,Active,2023-04-09
ACC000091,CUST000340,Savings,Active,2019-12-22
ACC000092,CUST000735,Current,Active,2024-11-29
ACC000093,CUST000140,Current,Active,2024-10-18
ACC000094,CUST000737,Business,Active,2021-02-02
ACC000095,CUST000118,Current,Active,2025-03-04
ACC000096,CUST000210,Current,Active,2020-11-10
ACC000097,CUST000949,Current,Active,2024-06-20
ACC000098,CUST000560,Current,Active,2021-08-09
ACC000099,CUST000443,Current,Active,2024-12-09
ACC000100,CUST000175,Current,Active,2024-04-14
ACC000101,CUST000297,Current,Dormant,2021-01-01
ACC000102,CUST000401,Current,Active,2021-04-30
ACC000103,CUST000152,Current,Active,2020-03-15
ACC000104,CUST000311,Current,Active,2021-07-19
ACC000105,CUST000364,Business,Active,2021-05-23
ACC000106,CUST000367,Current,Active,2024-03-02
ACC000107,CUST000538,Current,Active,2024-10-31
ACC000108,CUST000577,Current,Active,2024-12-17
ACC000109,CUST000675,Current,Active,2021-02-08
ACC000110,CUST000675,Current,Active,2020-11-04
ACC000111,CUST000133,Current,Active,2020-01-08
ACC000112,CUST000850,Current,Active,2024-09-30
ACC000113,CUST000109,Current,Active,2022-11-26
ACC000114,CUST000940,Savings,Active,2024-07-30
ACC000115,CUST000774,Business,Dormant,2025-11-01
ACC000116,CUST000039,Savings,Active,2022-05-01
ACC000117,CUST000031,Business,Active,2021-06-28
ACC000118,CUST000588,Current,Active,2021-01-09
ACC000119,CUST000231,Current,Active,2020-08-09
ACC000120,CUST000025,Current,Active,2024-04-01
ACC000121,CUST000915,Current,Active,2020-02-27
ACC000122,CUST000349,Current,Active,2020-08-10
ACC000123,CUST000213,Current,Active,2022-08-01
ACC000124,CUST000573,Savings,Active,2021-08-11
ACC000125,CUST000895,Current,Active,2020-09-24
ACC000126,CUST000511,Current,Active,2022-10-27
ACC000127,CUST000964,Current,Active,2022-02-24
ACC000128,CUST000894,Savings,Dormant,2025-09-09
ACC000129,CUST000874,Current,Active,2023-01-12
ACC000130,CUST000560,Current,Active,2021-04-01
ACC000131,CUST000034,Current,Active,2022-10-12
ACC000132,CUST000561,Savings,Active,2025-10-31
ACC000133,CUST000825,Business,Active,2026-02-19
ACC000134,CUST000613,Savings,Dormant,2020-05-07
ACC000135,CUST000741,Current,Active,2020-11-02
ACC000136,CUST000442,Current,Active,2023-12-24
ACC000137,CUST000027,Savings,Active,2020-07-15
ACC000138,CUST000699,Current,Active,2021-02-15
ACC000139,CUST000387,Current,Active,2021-09-28
ACC000140,CUST000449,Current,Active,2022-05-29
ACC000141,CUST000448,Business,Active,2025-07-01
ACC000142,CUST000423,Savings,Active,2020-07-07
ACC000143,CUST000016,Savings,Active,2025-11-23
ACC000144,CUST000450,Current,Active,2022-08-10
ACC000145,CUST000251,Business,Active,2022-01-26
ACC000146,CUST000673,Current,Active,2020-06-08
ACC000147,CUST000753,Savings,Active,2024-01-23
ACC000148,CUST000965,Current,Active,2023-10-16
ACC000149,CUST000327,Current,Active,2025-12-04
ACC000150,CUST000723,Business,Active,2025-08-26
ACC000151,CUST000862,Business,Active,2020-05-01
ACC000152,CUST000743,Savings,Active,2023-11-23
ACC000153,CUST000783,Current,Active,2020-12-08
ACC000154,CUST000603,Current,Active,2025-08-01
ACC000155,CUST000625,Current,Active,2022-03-29
ACC000156,CUST000230,Current,Active,2021-09-11
ACC000157,CUST000313,Current,Active,2026-03-28
ACC000158,CUST000345,Business,Active,2019-11-27
ACC000159,CUST000350,Savings,Active,2021-09-25
ACC000160,CUST000771,Current,Active,2022-03-06
ACC000161,CUST000295,Savings,Dormant,2021-05-02
ACC000162,CUST000582,Savings,Active,2022-04-04
ACC000163,CUST000244,Current,Active,2023-06-16
ACC000164,CUST000556,Current,Active,2026-02-04
ACC000165,CUST000276,Current,Active,2019-09-18
ACC000166,CUST000583,Current,Active,2024-07-11
ACC000167,CUST000451,Current,Active,2022-07-05
ACC000168,CUST000570,Current,Active,2025-08-22
ACC000169,CUST000565,Current,Active,2024-07-07
ACC000170,CUST000283,Current,Active,2023-12-24
ACC000171,CUST000893,Current,Active,2025-03-31
ACC000172,CUST000701,Current,Active,2022-12-22
ACC000173,CUST000234,Current,Active,2023-08-17
ACC000174,CUST000866,Savings,Active,2026-01-10
ACC000175,CUST000112,Current,Active,2020-10-19
ACC000176,CUST000334,Current,Active,2021-11-13
ACC000177,CUST000897,Current,Active,2019-09-22
ACC000178,CUST000919,Current,Active,2023-03-26
ACC000179,CUST000378,Current,Dormant,2019-11-26
ACC000180,CUST000217,Savings,Active,2020-10-30
ACC000181,CUST000963,Current,Active,2026-03-01
ACC000182,CUST000391,Savings,Active,2025-08-31
ACC000183,CUST000589,Current,Active,2020-06-26
ACC000184,CUST000900,Current,Active,2021-03-26
ACC000185,CUST000452,Current,Active,2020-01-30
ACC000186,CUST000337,Current,Active,2022-06-22
ACC000187,CUST000767,Business,Active,2021-07-16
ACC000188,CUST000371,Current,Active,2025-09-03
ACC000189,CUST000620,Current,Active,2023-12-14
ACC000190,CUST000129,Business,Active,2021-12-16
ACC000191,CUST000142,Current,Active,2022-09-13
ACC000192,CUST000419,Current,Closed,2020-01-27
ACC000193,CUST000792,Current,Active,2021-06-10
ACC000194,CUST000429,Current,Active,2021-04-05
ACC000195,CUST000891,Current,Active,2024-08-29
ACC000196,CUST000888,Current,Active,2021-10-18
ACC000197,CUST000714,Current,Active,2025-03-13
ACC000198,CUST000920,Current,Active,2025-04-27
ACC000199,CUST000757,Business,Dormant,2021-12-11
ACC000200,CUST000855,Current,Active,2025-01-07
ACC000201,CUST000785,Current,Active,2020-10-26
ACC000202,CUST000008,Current,Active,2021-06-12
ACC000203,CUST000181,Current,Active,2025-06-12
ACC000204,CUST000350,Current,Active,2020-08-21
ACC000205,CUST000951,Current,Active,2022-12-17
ACC000206,CUST000834,Business,Active,2024-03-03
ACC000207,CUST000589,Savings,Active,2022-08-21
ACC000208,CUST000295,Current,Active,2024-08-19
ACC000209,CUST000621,Savings,Dormant,2023-05-29
ACC000210,CUST000566,Savings,Active,2026-03-22
ACC000211,CUST000983,Savings,Active,2024-05-05
ACC000212,CUST000843,Current,Active,2020-02-16
ACC000213,CUST000534,Current,Active,2025-04-20
ACC000214,CUST000866,Current,Active,2020-12-31
ACC000215,CUST000141,Business,Active,2025-03-23
ACC000216,CUST000763,Savings,Active,2022-11-12
ACC000217,CUST000283,Current,Active,2025-09-12
ACC000218,CUST000914,Business,Active,2020-09-07
ACC000219,CUST000572,Current,Active,2026-02-17
ACC000220,CUST000252,Current,Active,2024-01-23
ACC000221,CUST000482,Current,Active,2020-12-17
ACC000222,CUST000651,Savings,Dormant,2024-02-17
ACC000223,CUST000503,Current,Active,2024-07-14
ACC000224,CUST000270,Current,Active,2023-11-24
ACC000225,CUST000544,Current,Active,2023-03-02
ACC000226,CUST000685,Current,Active,2022-02-17
ACC000227,CUST000493,Current,Active,2023-04-24
ACC000228,CUST000254,Current,Active,2021-04-27
ACC000229,CUST000356,Current,Active,2021-02-08
ACC000230,CUST000704,Current,Active,2020-11-03
ACC000231,CUST000802,Current,Active,2022-11-28
ACC000232,CUST000422,Current,Active,2022-01-23
ACC000233,CUST000275,Current,Active,2026-01-08
ACC000234,CUST000227,Current,Active,2024-03-20
ACC000235,CUST000626,Current,Active,2026-04-22
ACC000236,CUST000389,Current,Active,2022-07-29
ACC000237,CUST000051,Current,Active,2024-04-22
ACC000238,CUST000406,Savings,Active,2024-09-20
ACC000239,CUST000221,Current,Active,2026-05-19
ACC000240,CUST000774,Business,Active,2022-01-26
ACC000241,CUST000290,Current,Active,2023-10-05
ACC000242,CUST000127,Savings,Active,2022-01-14
ACC000243,CUST000898,Current,Active,2025-09-13
ACC000244,CUST000781,Savings,Active,2020-06-15
ACC000245,CUST000098,Savings,Active,2024-05-08
ACC000246,CUST000804,Current,Active,2026-04-09
ACC000247,CUST000208,Current,Dormant,2020-01-26
ACC000248,CUST000440,Current,Dormant,2020-03-29
ACC000249,CUST000930,Savings,Active,2022-03-30
ACC000250,CUST000404,Business,Active,2025-04-26
ACC000251,CUST000999,Current,Active,2021-07-08
ACC000252,CUST000112,Current,Active,2025-08-05
ACC000253,CUST000213,Savings,Active,2023-09-24
ACC000254,CUST000632,Savings,Active,2020-03-06
ACC000255,CUST000506,Current,Active,2022-09-29
ACC000256,CUST000706,Current,Active,2026-06-21
ACC000257,CUST000774,Current,Active,2020-12-04
ACC000258,CUST000330,Current,Active,2020-04-22
ACC000259,CUST000944,Current,Active,2022-04-27
ACC000260,CUST000166,Current,Active,2024-04-26
ACC000261,CUST000040,Savings,Active,2020-08-25
ACC000262,CUST000896,Current,Active,2023-03-16
ACC000263,CUST000738,Business,Active,2020-09-02
ACC000264,CUST000381,Current,Active,2023-04-11
ACC000265,CUST000823,Current,Active,2020-09-14
ACC000266,CUST000474,Current,Active,2025-01-05
ACC000267,CUST000850,Current,Active,2024-07-09
ACC000268,CUST000006,Current,Active,2025-06-23
ACC000269,CUST000097,Current,Active,2024-10-11
ACC000270,CUST000573,Savings,Active,2026-05-17
ACC000271,CUST000841,Business,Active,2023-02-07
ACC000272,CUST000413,Business,Active,2024-04-05
ACC000273,CUST000106,Savings,Active,2023-08-01
ACC000274,CUST000817,Current,Active,2022-03-28
ACC000275,CUST000874,Current,Active,2021-03-22
ACC000276,CUST000803,Current,Active,2024-11-20
ACC000277,CUST000896,Current,Active,2025-12-12
ACC000278,CUST000451,Current,Active,2023-02-19
ACC000279,CUST000247,Current,Active,2022-03-16
ACC000280,CUST000320,Savings,Active,2025-08-26
ACC000281,CUST000979,Current,Active,2023-06-01
ACC000282,CUST000448,Current,Active,2023-09-20
ACC000283,CUST000922,Current,Active,2026-04-01
ACC000284,CUST000790,Current,Active,2024-02-18
ACC000285,CUST000943,Business,Active,2024-07-09
ACC000286,CUST000453,Current,Active,2019-12-16
ACC000287,CUST000933,Current,Active,2026-05-20
ACC000288,CUST000663,Current,Active,2026-01-14
ACC000289,CUST000281,Current,Dormant,2026-03-10
ACC000290,CUST000623,Current,Active,2021-03-21
ACC000291,CUST000769,Current,Active,2022-05-22
ACC000292,CUST000731,Current,Active,2025-01-20
ACC000293,CUST000867,Current,Active,2025-10-31
ACC000294,CUST000558,Current,Active,2026-05-06
ACC000295,CUST000869,Savings,Active,2024-08-18
ACC000296,CUST000529,Current,Active,2021-11-10
ACC000297,CUST000067,Current,Active,2024-11-15
ACC000298,CUST000177,Current,Active,2024-04-20
ACC000299,CUST000178,Current,Active,2026-06-30
ACC000300,CUST000360,Current,Active,2025-07-25
ACC000301,CUST000091,Current,Active,2025-07-25
ACC000302,CUST000642,Business,Active,2026-06-01
ACC000303,CUST000472,Current,Active,2023-10-07
ACC000304,CUST000658,Business,Active,2025-01-16
ACC000305,CUST000723,Current,Active,2020-03-12
ACC000306,CUST000856,Current,Active,2024-07-18
ACC000307,CUST000451,Current,Active,2020-01-16
ACC000308,CUST000658,Current,Active,2024-08-14
ACC000309,CUST000395,Current,Active,2021-08-31
ACC000310,CUST000699,Savings,Active,2020-11-17
ACC000311,CUST000814,Current,Active,2024-03-02
ACC000312,CUST000268,Current,Active,2024-06-10
ACC000313,CUST000601,Current,Active,2019-12-07
ACC000314,CUST000108,Current,Active,2026-06-11
ACC000315,CUST000343,Current,Active,2024-06-07
ACC000316,CUST000479,Current,Active,2021-08-09
ACC000317,CUST000590,Current,Active,2021-03-22
ACC000318,CUST000383,Current,Active,2022-01-12
ACC000319,CUST000899,Current,Dormant,2020-11-05
ACC000320,CUST000793,Current,Active,2019-11-18
ACC000321,CUST000171,Business,Active,2020-08-27
ACC000322,CUST000143,Current,Active,2025-12-05
ACC000323,CUST000785,Current,Active,2022-02-03
ACC000324,CUST000675,Current,Active,2023-02-25
ACC000325,CUST000242,Savings,Active,2023-10-15
ACC000326,CUST000866,Savings,Active,2024-09-29
ACC000327,CUST000564,Current,Active,2021-03-26
ACC000328,CUST000475,Savings,Active,2025-06-16
ACC000329,CUST000782,Business,Active,2022-11-12
ACC000330,CUST000748,Savings,Active,2020-07-17
ACC000331,CUST000686,Savings,Active,2024-01-16
ACC000332,CUST000241,Current,Active,2026-07-06
ACC000333,CUST000408,Business,Active,2024-12-25
ACC000334,CUST000217,Current,Active,2022-03-22
ACC000335,CUST000155,Current,Active,2021-02-21
ACC000336,CUST000184,Current,Active,2025-05-04
ACC000337,CUST000355,Current,Active,2021-12-30
ACC000338,CUST000132,Current,Active,2021-06-07
ACC000339,CUST000983,Current,Active,2025-12-02
ACC000340,CUST000760,Current,Active,2021-06-24
ACC000341,CUST000485,Savings,Active,2022-06-10
ACC000342,CUST000435,Current,Active,2025-08-20
ACC000343,CUST000971,Business,Active,2024-04-24
ACC000344,CUST000746,Savings,Active,2021-04-27
ACC000345,CUST000889,Current,Active,2019-10-23
ACC000346,CUST000436,Current,Active,2026-04-07
ACC000347,CUST000301,Current,Active,2022-11-22
ACC000348,CUST000611,Current,Active,2020-07-27
ACC000349,CUST000180,Current,Active,2024-11-27
ACC000350,CUST000915,Current,Dormant,2023-10-17
ACC000351,CUST000583,Current,Active,2022-05-09
ACC000352,CUST000742,Current,Active,2022-03-31
ACC000353,CUST000346,Business,Active,2021-10-17
ACC000354,CUST000974,Savings,Active,2025-08-23
ACC000355,CUST000197,Current,Closed,2020-10-06
ACC000356,CUST000250,Current,Active,2020-02-07
ACC000357,CUST000958,Current,Active,2024-06-13
ACC000358,CUST000047,Current,Active,2023-05-03
ACC000359,CUST000213,Current,Active,2025-01-28
ACC000360,CUST000614,Savings,Active,2025-06-11
ACC000361,CUST000727,Current,Active,2023-04-21
ACC000362,CUST000847,Current,Active,2019-11-09
ACC000363,CUST000488,Business,Active,2022-09-17
ACC000364,CUST000456,Current,Active,2020-12-08
ACC000365,CUST000175,Current,Active,2026-03-02
ACC000366,CUST000991,Current,Active,2022-08-29
ACC000367,CUST000543,Current,Active,2022-12-30
ACC000368,CUST000031,Current,Active,2022-08-02
ACC000369,CUST000784,Current,Dormant,2020-04-15
ACC000370,CUST000385,Business,Active,2019-09-22
ACC000371,CUST000224,Current,Active,2023-04-15
ACC000372,CUST000786,Savings,Active,2022-01-12
ACC000373,CUST000770,Current,Active,2023-05-28
ACC000374,CUST000646,Current,Active,2022-12-19
ACC000375,CUST000402,Current,Active,2021-04-30
ACC000376,CUST000461,Current,Active,2022-01-17
ACC000377,CUST000850,Current,Active,2024-08-06
ACC000378,CUST000393,Current,Active,2021-11-03
ACC000379,CUST000030,Current,Active,2020-11-20
ACC000380,CUST000750,Current,Active,2019-09-11
ACC000381,CUST000641,Current,Active,2022-05-19
ACC000382,CUST000905,Savings,Active,2020-10-18
ACC000383,CUST000166,Current,Active,2023-11-06
ACC000384,CUST000730,Business,Active,2023-03-31
ACC000385,CUST000212,Current,Active,2019-10-08
ACC000386,CUST000182,Business,Active,2025-04-13
ACC000387,CUST000894,Business,Active,2021-05-06
ACC000388,CUST000767,Current,Active,2020-09-13
ACC000389,CUST000073,Savings,Dormant,2020-07-04
ACC000390,CUST000622,Current,Active,2026-04-07
ACC000391,CUST000744,Current,Active,2026-01-31
ACC000392,CUST000950,Current,Active,2021-09-22
ACC000393,CUST000868,Current,Active,2025-04-11
ACC000394,CUST000423,Current,Active,2023-10-22
ACC000395,CUST000100,Current,Active,2021-05-23
ACC000396,CUST000251,Savings,Active,2021-07-18
ACC000397,CUST000717,Current,Active,2026-02-17
ACC000398,CUST000296,Current,Active,2020-03-18
ACC000399,CUST000315,Business,Active,2023-02-11
ACC000400,CUST000690,Current,Active,2025-02-02
ACC000401,CUST000880,Current,Active,2026-03-21
ACC000402,CUST000152,Current,Active,2020-10-28
ACC000403,CUST000416,Current,Active,2022-09-02
ACC000404,CUST000874,Current,Active,2022-04-17
ACC000405,CUST000892,Current,Active,2022-04-10
ACC000406,CUST000351,Current,Active,2024-11-06
ACC000407,CUST000747,Savings,Active,2022-07-14
ACC000408,CUST000935,Current,Active,2020-08-27
ACC000409,CUST000373,Current,Active,2025-06-04
ACC000410,CUST000278,Current,Active,2020-07-02
ACC000411,CUST000458,Current,Active,2023-08-29
ACC000412,CUST000959,Current,Active,2021-06-01
ACC000413,CUST000273,Current,Active,2024-05-25
ACC000414,CUST000066,Business,Active,2023-02-19
ACC000415,CUST000250,Current,Active,2021-04-29
ACC000416,CUST000801,Current,Active,2025-09-17
ACC000417,CUST000453,Current,Active,2020-06-12
ACC000418,CUST000499,Current,Active,2021-09-17
ACC000419,CUST000454,Savings,Active,2021-06-01
ACC000420,CUST000417,Current,Active,2024-07-20
ACC000421,CUST000527,Current,Active,2023-07-26
ACC000422,CUST000282,Current,Active,2021-08-06
ACC000423,CUST000500,Current,Active,2020-10-25
ACC000424,CUST000184,Current,Active,2023-02-12
ACC000425,CUST000454,Current,Active,2024-06-25
ACC000426,CUST000782,Current,Active,2023-02-09
ACC000427,CUST000484,Current,Active,2019-09-12
ACC000428,CUST000159,Current,Active,2022-02-02
ACC000429,CUST000625,Current,Active,2020-09-27
ACC000430,CUST000808,Current,Active,2023-12-20
ACC000431,CUST000877,Savings,Active,2023-02-05
ACC000432,CUST000850,Savings,Active,2021-10-04
ACC000433,CUST000428,Current,Dormant,2025-11-29
ACC000434,CUST000825,Current,Active,2023-06-16
ACC000435,CUST000208,Current,Active,2023-03-24
ACC000436,CUST000438,Savings,Active,2020-04-01
ACC000437,CUST000221,Current,Active,2023-06-17
ACC000438,CUST000165,Current,Active,2019-11-19
ACC000439,CUST000676,Current,Dormant,2021-01-26
ACC000440,CUST000601,Current,Active,2022-09-09
ACC000441,CUST000449,Business,Active,2025-01-08
ACC000442,CUST000794,Savings,Active,2024-11-03
ACC000443,CUST000205,Current,Active,2022-11-08
ACC000444,CUST000677,Current,Active,2023-04-06
ACC000445,CUST000791,Savings,Active,2023-01-05
ACC000446,CUST000457,Savings,Active,2022-12-06
ACC000447,CUST000371,Current,Active,2023-08-18
ACC000448,CUST000956,Current,Active,2021-12-04
ACC000449,CUST000499,Savings,Active,2025-11-08
ACC000450,CUST000580,Current,Active,2020-11-16
ACC000451,CUST000504,Current,Active,2025-10-11
ACC000452,CUST000095,Business,Active,2020-07-26
ACC000453,CUST000867,Savings,Active,2021-04-11
ACC000454,CUST000770,Current,Active,2023-06-05
ACC000455,CUST000902,Business,Active,2022-10-29
ACC000456,CUST000590,Current,Active,2021-09-06
ACC000457,CUST000301,Current,Active,2026-04-27
ACC000458,CUST000438,Current,Active,2019-12-23
ACC000459,CUST000546,Current,Active,2020-02-03
ACC000460,CUST000733,Savings,Active,2024-11-13
ACC000461,CUST000104,Current,Active,2026-02-02
ACC000462,CUST000978,Current,Active,2023-12-13
ACC000463,CUST000311,Current,Closed,2023-12-02
ACC000464,CUST000028,Current,Active,2021-08-08
ACC000465,CUST000027,Current,Active,2024-03-11
ACC000466,CUST000450,Current,Active,2022-04-06
ACC000467,CUST000096,Business,Active,2020-01-17
ACC000468,CUST000167,Savings,Active,2021-01-16
ACC000469,CUST000768,Business,Active,2024-03-04
ACC000470,CUST000369,Current,Active,2021-05-29
ACC000471,CUST000823,Current,Dormant,2025-05-30
ACC000472,CUST000857,Current,Dormant,2023-02-28
ACC000473,CUST000667,Current,Active,2021-03-31
ACC000474,CUST000663,Savings,Active,2023-09-28
ACC000475,CUST000132,Current,Active,2021-04-06
ACC000476,CUST000822,Current,Active,2023-03-31
ACC000477,CUST000844,Current,Active,2020-09-18
ACC000478,CUST000830,Current,Active,2025-04-21
ACC000479,CUST000209,Current,Active,2023-07-22
ACC000480,CUST000803,Current,Active,2021-04-03
ACC000481,CUST000148,Business,Active,2022-04-20
ACC000482,CUST000174,Current,Active,2024-01-13
ACC000483,CUST000116,Business,Active,2021-11-15
ACC000484,CUST000878,Current,Active,2023-01-15
ACC000485,CUST000925,Current,Active,2020-06-23
ACC000486,CUST000734,Current,Active,2020-02-16
ACC000487,CUST000528,Current,Dormant,2024-01-01
ACC000488,CUST000098,Savings,Active,2025-05-08
ACC000489,CUST000190,Savings,Active,2021-05-07
ACC000490,CUST000530,Current,Active,2025-01-20
ACC000491,CUST000678,Current,Active,2026-02-22
ACC000492,CUST000395,Current,Active,2024-06-27
ACC000493,CUST000035,Savings,Active,2022-01-30
ACC000494,CUST000493,Current,Active,2020-01-22
ACC000495,CUST000465,Current,Active,2025-03-17
ACC000496,CUST000787,Current,Active,2024-06-10
ACC000497,CUST000893,Current,Active,2025-06-12
ACC000498,CUST000782,Current,Active,2022-06-08
ACC000499,CUST000988,Current,Active,2021-05-27
ACC000500,CUST000730,Current,Active,2023-02-02
ACC000501,CUST000963,Current,Active,2020-11-14
ACC000502,CUST000964,Savings,Active,2024-12-09
ACC000503,CUST000018,Current,Active,2020-08-20
ACC000504,CUST000577,Savings,Active,2020-07-21
ACC000505,CUST000711,Business,Active,2022-05-02
ACC000506,CUST000170,Current,Active,2023-12-29
ACC000507,CUST000965,Business,Active,2024-04-06
ACC000508,CUST000304,Current,Active,2021-10-22
ACC000509,CUST000140,Savings,Active,2025-09-10
ACC000510,CUST000685,Current,Dormant,2019-11-15
ACC000511,CUST000421,Current,Active,2024-09-25
ACC000512,CUST000164,Current,Active,2024-05-12
ACC000513,CUST000073,Current,Dormant,2024-12-15
ACC000514,CUST000758,Current,Active,2024-03-22
ACC000515,CUST000283,Savings,Active,2025-03-19
ACC000516,CUST000106,Savings,Active,2023-12-04
ACC000517,CUST000842,Current,Active,2021-06-08
ACC000518,CUST000773,Business,Active,2023-06-25
ACC000519,CUST000913,Current,Active,2021-10-02
ACC000520,CUST000727,Current,Active,2023-04-08
ACC000521,CUST000091,Business,Active,2019-10-25
ACC000522,CUST000871,Current,Active,2021-09-06
ACC000523,CUST000108,Savings,Active,2023-06-10
ACC000524,CUST000337,Current,Active,2022-07-14
ACC000525,CUST000731,Savings,Active,2020-12-24
ACC000526,CUST000682,Current,Closed,2021-01-21
ACC000527,CUST000580,Current,Active,2022-03-29
ACC000528,CUST000605,Savings,Active,2025-06-04
ACC000529,CUST000990,Savings,Active,2019-10-05
ACC000530,CUST000736,Savings,Active,2021-08-05
ACC000531,CUST000536,Current,Active,2021-09-08
ACC000532,CUST000222,Current,Active,2022-11-04
ACC000533,CUST000423,Savings,Active,2023-09-09
ACC000534,CUST000353,Current,Dormant,2023-06-06
ACC000535,CUST000333,Current,Closed,2023-08-01
ACC000536,CUST000790,Savings,Active,2022-01-12
ACC000537,CUST000177,Savings,Active,2022-10-15
ACC000538,CUST000758,Savings,Dormant,2022-12-25
ACC000539,CUST000740,Current,Active,2020-12-14
ACC000540,CUST000392,Current,Active,2021-02-01
ACC000541,CUST000449,Savings,Active,2024-08-22
ACC000542,CUST000195,Current,Active,2020-03-31
ACC000543,CUST000552,Current,Active,2025-09-05
ACC000544,CUST000729,Current,Active,2021-12-29
ACC000545,CUST000349,Current,Active,2022-03-19
ACC000546,CUST000835,Savings,Active,2020-02-20
ACC000547,CUST000454,Savings,Active,2024-10-16
ACC000548,CUST000507,Current,Active,2024-01-29
ACC000549,CUST000451,Current,Active,2026-05-24
ACC000550,CUST000879,Current,Active,2021-11-18
ACC000551,CUST000197,Current,Active,2020-01-07
ACC000552,CUST000910,Business,Active,2023-08-06
ACC000553,CUST000823,Savings,Active,2022-06-11
ACC000554,CUST000366,Current,Active,2022-12-03
ACC000555,CUST000552,Current,Active,2020-11-02
ACC000556,CUST000322,Current,Active,2023-12-22
ACC000557,CUST000719,Current,Active,2024-01-08
ACC000558,CUST000857,Current,Active,2020-12-14
ACC000559,CUST000977,Business,Active,2021-07-02
ACC000560,CUST000918,Current,Active,2024-11-15
ACC000561,CUST000067,Business,Active,2023-09-14
ACC000562,CUST000613,Current,Active,2025-01-13
ACC000563,CUST000463,Current,Active,2023-02-12
ACC000564,CUST000818,Savings,Dormant,2024-11-29
ACC000565,CUST000323,Savings,Dormant,2025-12-08
ACC000566,CUST000602,Current,Dormant,2025-10-25
ACC000567,CUST000166,Savings,Active,2019-10-15
ACC000568,CUST000031,Current,Active,2025-03-11
ACC000569,CUST000969,Current,Active,2022-03-10
ACC000570,CUST000486,Current,Active,2025-06-16
ACC000571,CUST000725,Current,Active,2025-07-07
ACC000572,CUST000206,Current,Closed,2025-08-13
ACC000573,CUST000097,Current,Active,2019-09-26
ACC000574,CUST000700,Current,Active,2020-08-06
ACC000575,CUST000394,Current,Active,2020-02-28
ACC000576,CUST000072,Business,Active,2020-12-11
ACC000577,CUST001000,Current,Active,2024-10-17
ACC000578,CUST000182,Savings,Active,2024-07-15
ACC000579,CUST000839,Current,Active,2020-07-03
ACC000580,CUST000320,Business,Active,2024-07-04
ACC000581,CUST000922,Current,Active,2024-10-15
ACC000582,CUST000961,Current,Active,2022-03-04
ACC000583,CUST000568,Current,Active,2024-12-11
ACC000584,CUST000193,Savings,Active,2025-11-14
ACC000585,CUST000932,Current,Active,2019-11-26
ACC000586,CUST000094,Current,Active,2020-08-13
ACC000587,CUST000545,Current,Active,2024-04-11
ACC000588,CUST000459,Savings,Active,2021-10-01
ACC000589,CUST000085,Current,Active,2022-12-04
ACC000590,CUST000399,Current,Closed,2023-04-23
ACC000591,CUST000541,Savings,Active,2025-07-13
ACC000592,CUST000766,Business,Active,2023-01-05
ACC000593,CUST000029,Current,Active,2024-06-02
ACC000594,CUST000844,Savings,Active,2020-10-29
ACC000595,CUST000521,Current,Active,2024-02-16
ACC000596,CUST000914,Current,Active,2024-04-01
ACC000597,CUST000656,Current,Active,2022-04-03
ACC000598,CUST000120,Business,Active,2023-11-01
ACC000599,CUST000852,Current,Active,2022-02-27
ACC000600,CUST000858,Current,Active,2019-10-26
ACC000601,CUST000265,Savings,Active,2020-02-18
ACC000602,CUST000642,Current,Dormant,2023-06-23
ACC000603,CUST000426,Savings,Active,2024-05-28
ACC000604,CUST000011,Current,Active,2021-06-30
ACC000605,CUST000229,Current,Active,2024-10-01
ACC000606,CUST000550,Current,Dormant,2023-08-27
ACC000607,CUST000712,Current,Active,2023-05-03
ACC000608,CUST000780,Current,Active,2024-04-07
ACC000609,CUST000510,Current,Active,2026-02-17
ACC000610,CUST000115,Current,Active,2024-06-18
ACC000611,CUST000826,Current,Active,2022-05-16
ACC000612,CUST000453,Current,Active,2020-11-19
ACC000613,CUST000743,Current,Active,2024-10-26
ACC000614,CUST000944,Current,Active,2025-11-24
ACC000615,CUST000970,Current,Active,2024-06-19
ACC000616,CUST000674,Savings,Active,2021-08-04
ACC000617,CUST000617,Current,Active,2024-12-02
ACC000618,CUST000115,Current,Active,2020-07-16
ACC000619,CUST000174,Savings,Active,2026-02-06
ACC000620,CUST000701,Current,Active,2020-03-22
ACC000621,CUST000788,Current,Active,2026-02-18
ACC000622,CUST000021,Current,Active,2020-02-14
ACC000623,CUST000703,Current,Active,2023-11-12
ACC000624,CUST000257,Current,Closed,2021-06-05
ACC000625,CUST000157,Current,Active,2024-01-09
ACC000626,CUST000749,Current,Dormant,2023-08-25
ACC000627,CUST000022,Current,Active,2026-01-20
ACC000628,CUST000901,Current,Active,2022-01-08
ACC000629,CUST000362,Current,Active,2021-11-05
ACC000630,CUST000455,Business,Active,2022-09-29
ACC000631,CUST000137,Savings,Active,2024-02-05
ACC000632,CUST000200,Business,Active,2022-06-16
ACC000633,CUST000783,Savings,Active,2023-02-02
ACC000634,CUST000482,Current,Active,2023-02-28
ACC000635,CUST000205,Current,Active,2024-10-09
ACC000636,CUST000530,Current,Dormant,2026-04-06
ACC000637,CUST000582,Current,Active,2020-03-19
ACC000638,CUST000589,Savings,Active,2021-12-02
ACC000639,CUST000889,Savings,Active,2021-01-27
ACC000640,CUST000782,Current,Active,2026-02-18
ACC000641,CUST000067,Current,Active,2025-12-09
ACC000642,CUST000321,Business,Active,2024-11-04
ACC000643,CUST000068,Current,Active,2019-12-28
ACC000644,CUST000721,Current,Active,2020-03-25
ACC000645,CUST000156,Current,Active,2021-12-08
ACC000646,CUST000644,Current,Closed,2023-09-26
ACC000647,CUST000932,Current,Active,2025-01-04
ACC000648,CUST000489,Current,Active,2022-06-20
ACC000649,CUST000187,Current,Active,2021-01-05
ACC000650,CUST000907,Current,Active,2022-05-20
ACC000651,CUST000640,Current,Active,2024-11-08
ACC000652,CUST000984,Current,Dormant,2022-12-08
ACC000653,CUST000972,Savings,Active,2020-12-25
ACC000654,CUST000605,Current,Active,2023-09-12
ACC000655,CUST000533,Business,Active,2022-12-17
ACC000656,CUST000245,Savings,Active,2021-09-04
ACC000657,CUST000768,Business,Active,2025-08-19
ACC000658,CUST000134,Savings,Dormant,2026-05-30
ACC000659,CUST000310,Current,Active,2022-04-09
ACC000660,CUST000689,Current,Active,2022-06-01
ACC000661,CUST000435,Current,Active,2022-08-24
ACC000662,CUST000198,Current,Active,2021-06-26
ACC000663,CUST000683,Business,Active,2025-04-05
ACC000664,CUST000826,Savings,Active,2024-07-18
ACC000665,CUST000586,Savings,Active,2025-09-08
ACC000666,CUST000755,Savings,Active,2025-09-28
ACC000667,CUST000989,Savings,Active,2022-10-26
ACC000668,CUST000125,Current,Active,2025-08-15
ACC000669,CUST000975,Current,Active,2023-12-02
ACC000670,CUST000082,Current,Active,2024-05-14
ACC000671,CUST000726,Business,Active,2024-06-11
ACC000672,CUST000693,Current,Active,2021-07-27
ACC000673,CUST000082,Current,Active,2024-11-30
ACC000674,CUST000717,Current,Active,2024-06-03
ACC000675,CUST000775,Business,Active,2019-11-21
ACC000676,CUST000519,Current,Active,2023-09-20
ACC000677,CUST000544,Current,Active,2023-09-17
ACC000678,CUST000067,Current,Active,2025-11-07
ACC000679,CUST000441,Current,Active,2021-07-13
ACC000680,CUST000091,Current,Active,2022-06-23
ACC000681,CUST000695,Business,Active,2022-12-15
ACC000682,CUST000831,Current,Active,2021-01-17
ACC000683,CUST000195,Current,Active,2022-07-29
ACC000684,CUST000473,Current,Active,2022-01-04
ACC000685,CUST000476,Current,Active,2022-03-17
ACC000686,CUST000143,Savings,Active,2024-11-09
ACC000687,CUST000445,Savings,Active,2024-08-05
ACC000688,CUST000223,Current,Active,2024-11-07
ACC000689,CUST000023,Current,Active,2020-05-15
ACC000690,CUST000499,Current,Active,2021-08-26
ACC000691,CUST000062,Current,Active,2022-11-26
ACC000692,CUST000297,Current,Active,2020-12-27
ACC000693,CUST000014,Business,Active,2022-09-25
ACC000694,CUST000634,Current,Active,2025-01-28
ACC000695,CUST000743,Current,Active,2025-02-04
ACC000696,CUST000065,Current,Active,2023-10-09
ACC000697,CUST000240,Business,Active,2021-03-11
ACC000698,CUST000592,Savings,Active,2025-02-08
ACC000699,CUST000587,Business,Active,2019-11-18
ACC000700,CUST000840,Current,Active,2026-04-25
ACC000701,CUST000098,Current,Active,2022-12-04
ACC000702,CUST000474,Current,Active,2023-07-20
ACC000703,CUST000797,Current,Active,2024-12-04
ACC000704,CUST000061,Current,Active,2026-07-01
ACC000705,CUST000636,Current,Active,2023-06-22
ACC000706,CUST000620,Savings,Active,2024-06-02
ACC000707,CUST000303,Savings,Active,2024-05-05
ACC000708,CUST000290,Current,Active,2026-05-30
ACC000709,CUST000148,Current,Active,2021-10-21
ACC000710,CUST000795,Business,Active,2022-03-31
ACC000711,CUST000455,Savings,Active,2023-06-19
ACC000712,CUST000724,Current,Active,2019-12-15
ACC000713,CUST000127,Current,Active,2021-03-07
ACC000714,CUST000852,Savings,Active,2021-08-29
ACC000715,CUST000183,Current,Active,2026-02-21
ACC000716,CUST000580,Savings,Active,2020-10-17
ACC000717,CUST000731,Current,Active,2025-10-08
ACC000718,CUST000536,Current,Active,2025-07-02
ACC000719,CUST000084,Current,Active,2021-01-03
ACC000720,CUST000538,Current,Active,2024-10-16
ACC000721,CUST000834,Current,Active,2023-08-10
ACC000722,CUST000661,Current,Active,2024-01-02
ACC000723,CUST000225,Savings,Dormant,2024-12-26
ACC000724,CUST000397,Savings,Active,2026-04-25
ACC000725,CUST000505,Current,Active,2021-11-16
ACC000726,CUST000205,Current,Active,2019-12-31
ACC000727,CUST000719,Current,Active,2020-10-27
ACC000728,CUST000156,Current,Active,2023-05-18
ACC000729,CUST000524,Current,Active,2019-09-20
ACC000730,CUST000335,Savings,Active,2023-05-02
ACC000731,CUST000618,Business,Active,2021-12-25
ACC000732,CUST000043,Current,Active,2024-03-23
ACC000733,CUST000754,Savings,Active,2024-02-16
ACC000734,CUST000370,Current,Active,2023-12-14
ACC000735,CUST000864,Current,Active,2023-01-21
ACC000736,CUST000186,Savings,Active,2022-03-04
ACC000737,CUST000401,Current,Active,2021-01-07
ACC000738,CUST000293,Savings,Active,2023-09-30
ACC000739,CUST000906,Current,Active,2025-12-21
ACC000740,CUST000001,Current,Active,2020-02-29
ACC000741,CUST000377,Current,Active,2021-10-13
ACC000742,CUST000078,Current,Active,2023-03-13
ACC000743,CUST000310,Current,Active,2024-03-27
ACC000744,CUST000763,Business,Active,2021-03-10
ACC000745,CUST000089,Savings,Active,2020-01-11
ACC000746,CUST000277,Current,Active,2025-10-26
ACC000747,CUST000221,Current,Active,2026-03-13
ACC000748,CUST000851,Current,Active,2026-05-19
ACC000749,CUST000673,Current,Active,2023-05-19
ACC000750,CUST000491,Current,Active,2023-06-26
ACC000751,CUST000459,Savings,Closed,2026-01-13
ACC000752,CUST000446,Current,Active,2023-12-07
ACC000753,CUST000049,Current,Active,2022-05-31
ACC000754,CUST000558,Current,Active,2022-05-14
ACC000755,CUST000150,Current,Active,2021-12-19
ACC000756,CUST000382,Current,Active,2023-04-03
ACC000757,CUST000770,Savings,Active,2021-12-16
ACC000758,CUST000617,Current,Active,2022-07-04
ACC000759,CUST000772,Current,Active,2026-01-19
ACC000760,CUST000881,Business,Active,2022-09-12
ACC000761,CUST000763,Current,Active,2024-12-19
ACC000762,CUST000406,Current,Active,2025-04-10
ACC000763,CUST000533,Current,Active,2020-05-10
ACC000764,CUST000233,Current,Active,2021-01-17
ACC000765,CUST000857,Savings,Active,2022-02-06
ACC000766,CUST000403,Current,Active,2021-12-14
ACC000767,CUST000232,Current,Active,2024-06-01
ACC000768,CUST000813,Business,Active,2020-12-23
ACC000769,CUST000712,Business,Active,2021-12-23
ACC000770,CUST000555,Current,Dormant,2024-05-22
ACC000771,CUST000303,Current,Active,2025-09-24
ACC000772,CUST000974,Current,Dormant,2022-01-05
ACC000773,CUST000308,Current,Active,2023-02-15
ACC000774,CUST000942,Current,Active,2026-01-22
ACC000775,CUST000512,Current,Active,2021-03-22
ACC000776,CUST000789,Current,Active,2022-08-05
ACC000777,CUST000390,Current,Active,2025-07-23
ACC000778,CUST000095,Current,Active,2025-06-23
ACC000779,CUST000346,Current,Closed,2026-02-23
ACC000780,CUST000796,Savings,Active,2021-12-05
ACC000781,CUST000132,Current,Active,2026-03-19
ACC000782,CUST000515,Current,Active,2020-03-12
ACC000783,CUST000549,Current,Active,2019-12-19
ACC000784,CUST000503,Current,Active,2024-09-15
ACC000785,CUST000340,Current,Active,2025-09-02
ACC000786,CUST000256,Current,Active,2024-07-20
ACC000787,CUST000188,Current,Active,2019-12-27
ACC000788,CUST000456,Savings,Dormant,2025-03-25
ACC000789,CUST000136,Savings,Dormant,2020-03-21
ACC000790,CUST000376,Savings,Active,2020-08-21
ACC000791,CUST000557,Current,Active,2023-05-28
ACC000792,CUST000433,Current,Active,2022-07-10
ACC000793,CUST000942,Current,Dormant,2024-12-27
ACC000794,CUST000089,Current,Active,2021-07-11
ACC000795,CUST000571,Current,Active,2024-06-13
ACC000796,CUST000574,Current,Active,2023-03-01
ACC000797,CUST000401,Current,Active,2026-05-25
ACC000798,CUST000273,Current,Active,2024-12-29
ACC000799,CUST000882,Current,Active,2021-03-17
ACC000800,CUST000102,Current,Active,2020-06-17
ACC000801,CUST000131,Savings,Active,2025-10-08
ACC000802,CUST000580,Current,Active,2021-11-22
ACC000803,CUST000848,Current,Active,2021-09-09
ACC000804,CUST000800,Current,Active,2022-05-05
ACC000805,CUST000857,Savings,Active,2025-02-07
ACC000806,CUST000522,Savings,Active,2024-10-07
ACC000807,CUST000295,Current,Active,2019-10-22
ACC000808,CUST000576,Current,Active,2024-11-23
ACC000809,CUST000285,Current,Active,2022-09-14
ACC000810,CUST000620,Current,Active,2021-04-05
ACC000811,CUST000776,Savings,Active,2020-03-31
ACC000812,CUST000677,Savings,Active,2022-10-02
ACC000813,CUST000999,Current,Active,2025-10-29
ACC000814,CUST000957,Current,Active,2020-10-09
ACC000815,CUST000928,Current,Active,2024-05-21
ACC000816,CUST000846,Current,Active,2023-05-30
ACC000817,CUST000686,Current,Active,2024-12-19
ACC000818,CUST000704,Current,Active,2020-05-01
ACC000819,CUST000474,Current,Active,2023-04-06
ACC000820,CUST000613,Savings,Active,2024-06-23
ACC000821,CUST000384,Current,Active,2023-06-30
ACC000822,CUST000350,Current,Active,2023-09-13
ACC000823,CUST000564,Business,Active,2024-05-31
ACC000824,CUST000466,Business,Active,2023-06-04
ACC000825,CUST000204,Current,Closed,2021-01-14
ACC000826,CUST000448,Current,Active,2024-07-02
ACC000827,CUST000821,Business,Active,2025-09-29
ACC000828,CUST000549,Current,Active,2021-10-14
ACC000829,CUST000677,Current,Active,2022-09-29
ACC000830,CUST000292,Current,Active,2019-10-05
ACC000831,CUST000951,Current,Active,2024-10-30
ACC000832,CUST000325,Savings,Active,2022-03-27
ACC000833,CUST000018,Business,Active,2023-07-05
ACC000834,CUST000253,Savings,Active,2021-05-17
ACC000835,CUST000178,Business,Active,2026-07-01
ACC000836,CUST000446,Current,Active,2022-03-13
ACC000837,CUST000103,Savings,Active,2021-07-20
ACC000838,CUST000910,Current,Active,2022-04-08
ACC000839,CUST000279,Current,Active,2021-08-19
ACC000840,CUST000022,Current,Active,2021-07-27
ACC000841,CUST000148,Savings,Active,2022-04-19
ACC000842,CUST000213,Current,Active,2023-06-17
ACC000843,CUST000921,Current,Active,2021-04-07
ACC000844,CUST000577,Current,Active,2021-06-16
ACC000845,CUST000399,Current,Active,2026-04-21
ACC000846,CUST000457,Business,Active,2023-09-03
ACC000847,CUST000376,Business,Active,2024-10-04
ACC000848,CUST000600,Current,Active,2024-05-03
ACC000849,CUST000050,Savings,Active,2024-10-01
ACC000850,CUST000567,Current,Active,2023-09-02
ACC000851,CUST000146,Savings,Active,2024-06-12
ACC000852,CUST000171,Current,Active,2025-06-30
ACC000853,CUST000671,Savings,Active,2024-07-23
ACC000854,CUST000965,Current,Active,2026-05-04
ACC000855,CUST000079,Current,Active,2024-07-10
ACC000856,CUST000474,Current,Active,2024-07-11
ACC000857,CUST000192,Current,Active,2024-08-09
ACC000858,CUST000022,Current,Active,2022-02-11
ACC000859,CUST000481,Current,Active,2019-09-14
ACC000860,CUST000286,Current,Active,2025-04-18
ACC000861,CUST000656,Current,Active,2022-04-20
ACC000862,CUST000472,Current,Active,2022-02-06
ACC000863,CUST000414,Savings,Active,2020-09-14
ACC000864,CUST000592,Savings,Active,2023-09-17
ACC000865,CUST000171,Current,Active,2026-02-14
ACC000866,CUST000377,Savings,Active,2021-11-27
ACC000867,CUST000383,Current,Active,2026-05-09
ACC000868,CUST000654,Savings,Active,2019-11-28
ACC000869,CUST000813,Current,Active,2026-05-07
ACC000870,CUST000259,Current,Active,2021-04-25
ACC000871,CUST000475,Current,Dormant,2023-10-12
ACC000872,CUST000945,Current,Active,2022-08-08
ACC000873,CUST000909,Current,Active,2019-10-28
ACC000874,CUST000525,Current,Active,2021-02-26
ACC000875,CUST000199,Current,Active,2026-05-29
ACC000876,CUST000729,Current,Active,2020-10-26
ACC000877,CUST000381,Current,Active,2021-05-15
ACC000878,CUST000292,Current,Active,2019-12-19
ACC000879,CUST000777,Current,Active,2026-02-14
ACC000880,CUST000747,Savings,Active,2024-10-23
ACC000881,CUST000732,Current,Active,2023-07-15
ACC000882,CUST000937,Current,Active,2023-06-10
ACC000883,CUST000046,Current,Dormant,2024-05-08
ACC000884,CUST000428,Savings,Active,2021-09-28
ACC000885,CUST000939,Current,Closed,2024-09-12
ACC000886,CUST000495,Savings,Active,2024-09-02
ACC000887,CUST000082,Current,Active,2022-09-08
ACC000888,CUST000872,Current,Dormant,2020-01-22
ACC000889,CUST000923,Savings,Active,2022-11-13
ACC000890,CUST000699,Savings,Active,2023-05-27
ACC000891,CUST000252,Current,Active,2021-02-10
ACC000892,CUST000308,Current,Active,2021-12-29
ACC000893,CUST000821,Savings,Active,2024-11-13
ACC000894,CUST000803,Current,Dormant,2021-04-29
ACC000895,CUST000715,Current,Active,2022-01-18
ACC000896,CUST000307,Current,Active,2021-02-18
ACC000897,CUST000322,Business,Active,2021-12-24
ACC000898,CUST000485,Business,Active,2022-05-18
ACC000899,CUST000499,Savings,Active,2022-01-31
ACC000900,CUST000441,Savings,Active,2019-09-08
ACC000901,CUST000613,Current,Active,2025-08-08
ACC000902,CUST000816,Savings,Active,2021-09-21
ACC000903,CUST000957,Business,Active,2024-10-29
ACC000904,CUST000182,Current,Active,2022-06-01
ACC000905,CUST000847,Current,Active,2025-07-20
ACC000906,CUST000318,Current,Active,2019-12-30
ACC000907,CUST000001,Savings,Active,2024-08-16
ACC000908,CUST000111,Current,Active,2020-08-19
ACC000909,CUST000292,Current,Active,2023-08-14
ACC000910,CUST000717,Current,Active,2024-01-08
ACC000911,CUST000403,Savings,Active,2021-03-25
ACC000912,CUST000314,Current,Active,2022-01-13
ACC000913,CUST000241,Savings,Active,2022-11-14
ACC000914,CUST000153,Savings,Active,2025-11-14
ACC000915,CUST000152,Current,Active,2024-11-08
ACC000916,CUST000789,Current,Active,2023-11-06
ACC000917,CUST000420,Current,Active,2020-05-03
ACC000918,CUST000960,Savings,Active,2026-02-25
ACC000919,CUST000197,Current,Active,2023-09-15
ACC000920,CUST000510,Current,Dormant,2022-11-26
ACC000921,CUST000335,Savings,Active,2022-12-31
ACC000922,CUST000189,Current,Active,2023-09-21
ACC000923,CUST000897,Business,Active,2024-12-16
ACC000924,CUST000508,Business,Active,2024-07-04
ACC000925,CUST000010,Current,Active,2022-05-08
ACC000926,CUST000495,Savings,Dormant,2024-04-08
ACC000927,CUST000697,Current,Active,2020-11-13
ACC000928,CUST000911,Current,Active,2024-04-29
ACC000929,CUST000820,Current,Dormant,2019-11-26
ACC000930,CUST000774,Current,Active,2026-05-01
ACC000931,CUST000989,Savings,Active,2021-11-07
ACC000932,CUST000624,Current,Dormant,2019-11-27
ACC000933,CUST000308,Savings,Active,2023-12-16
ACC000934,CUST000261,Current,Active,2023-12-18
ACC000935,CUST000461,Current,Active,2025-12-30
ACC000936,CUST000281,Current,Active,2021-11-09
ACC000937,CUST000976,Savings,Active,2023-02-04
ACC000938,CUST000509,Business,Active,2020-05-03
ACC000939,CUST000876,Current,Closed,2020-03-29
ACC000940,CUST000559,Current,Active,2021-09-18
ACC000941,CUST000252,Business,Active,2025-01-27
ACC000942,CUST000174,Current,Active,2021-11-14
ACC000943,CUST000209,Savings,Active,2023-04-18
ACC000944,CUST000562,Current,Active,2024-10-14
ACC000945,CUST000004,Business,Active,2023-07-03
ACC000946,CUST000463,Current,Active,2020-07-15
ACC000947,CUST000493,Current,Active,2025-08-06
ACC000948,CUST000362,Current,Active,2020-06-01
ACC000949,CUST000933,Business,Active,2025-07-25
ACC000950,CUST000351,Current,Active,2020-07-14
ACC000951,CUST000776,Current,Active,2022-03-02
ACC000952,CUST000525,Savings,Active,2024-08-26
ACC000953,CUST000496,Savings,Active,2025-10-11
ACC000954,CUST000673,Business,Active,2020-04-12
ACC000955,CUST000658,Current,Active,2026-02-14
ACC000956,CUST000585,Current,Closed,2022-05-09
ACC000957,CUST000768,Savings,Dormant,2021-05-02
ACC000958,CUST000099,Current,Active,2025-03-22
ACC000959,CUST000507,Current,Active,2022-09-17
ACC000960,CUST000034,Savings,Active,2023-10-10
ACC000961,CUST000436,Current,Active,2025-12-01
ACC000962,CUST000713,Current,Active,2024-10-25
ACC000963,CUST000422,Business,Dormant,2022-06-14
ACC000964,CUST000757,Current,Active,2023-05-03
ACC000965,CUST000096,Savings,Dormant,2019-10-08
ACC000966,CUST000372,Current,Dormant,2022-10-15
ACC000967,CUST000188,Current,Active,2025-08-25
ACC000968,CUST000319,Savings,Active,2020-06-17
ACC000969,CUST000563,Business,Active,2020-05-29
ACC000970,CUST000674,Current,Active,2026-01-28
ACC000971,CUST000431,Current,Active,2025-12-12
ACC000972,CUST000972,Business,Active,2021-03-08
ACC000973,CUST000370,Current,Active,2024-09-30
ACC000974,CUST000814,Current,Active,2024-06-14
ACC000975,CUST000718,Savings,Active,2026-05-06
ACC000976,CUST000726,Current,Active,2020-10-25
ACC000977,CUST000698,Current,Active,2024-06-05
ACC000978,CUST000061,Current,Active,2022-03-05
ACC000979,CUST000300,Current,Active,2019-11-28
ACC000980,CUST000295,Current,Active,2025-02-17
ACC000981,CUST000664,Current,Active,2025-03-31
ACC000982,CUST000765,Current,Active,2024-06-17
ACC000983,CUST000991,Current,Active,2026-01-30
ACC000984,CUST000048,Savings,Active,2025-01-15
ACC000985,CUST000589,Current,Active,2025-04-15
ACC000986,CUST000110,Current,Active,2024-11-17
ACC000987,CUST000127,Savings,Active,2021-12-03
ACC000988,CUST000697,Current,Active,2024-11-23
ACC000989,CUST000193,Savings,Active,2023-10-23
ACC000990,CUST000448,Current,Active,2021-05-02
ACC000991,CUST000911,Savings,Active,2020-08-26
ACC000992,CUST000114,Savings,Active,2023-05-26
ACC000993,CUST000015,Current,Active,2025-10-18
ACC000994,CUST000311,Current,Active,2023-06-11
ACC000995,CUST000165,Current,Active,2025-01-13
ACC000996,CUST000661,Current,Active,2020-05-05
ACC000997,CUST000149,Current,Active,2020-09-04
ACC000998,CUST000279,Savings,Active,2023-01-19
ACC000999,CUST000065,Current,Active,2023-10-29
ACC001000,CUST000251,Savings,Active,2020-04-17
ACC001001,CUST000947,Current,Active,2020-12-15
ACC001002,CUST000982,Current,Active,2020-04-27
ACC001003,CUST000002,Current,Active,2023-02-04
ACC001004,CUST000258,Current,Active,2024-04-16
ACC001005,CUST000863,Business,Active,2022-07-13
ACC001006,CUST000640,Current,Active,2026-01-07
ACC001007,CUST000778,Current,Active,2023-12-24
ACC001008,CUST000707,Current,Active,2024-12-29
ACC001009,CUST000045,Current,Active,2025-09-19
ACC001010,CUST000452,Savings,Active,2024-02-16
ACC001011,CUST000038,Current,Active,2021-12-11
ACC001012,CUST000603,Savings,Active,2025-06-26
ACC001013,CUST000627,Current,Active,2019-10-27
ACC001014,CUST000961,Savings,Active,2023-06-04
ACC001015,CUST000776,Current,Active,2021-01-15
ACC001016,CUST000909,Current,Active,2019-12-30
ACC001017,CUST000285,Current,Active,2022-07-13
ACC001018,CUST000169,Current,Active,2020-02-14
ACC001019,CUST000198,Current,Active,2026-01-08
ACC001020,CUST000848,Current,Active,2021-05-13
ACC001021,CUST000232,Current,Active,2024-03-29
ACC001022,CUST000902,Savings,Active,2021-09-09
ACC001023,CUST000854,Business,Active,2026-06-12
ACC001024,CUST000546,Current,Active,2021-10-26
ACC001025,CUST000162,Current,Active,2025-04-25
ACC001026,CUST000833,Current,Active,2020-04-21
ACC001027,CUST000955,Current,Dormant,2019-12-19
ACC001028,CUST000162,Savings,Active,2020-03-03
ACC001029,CUST000177,Current,Active,2023-05-27
ACC001030,CUST000220,Business,Active,2026-04-22
ACC001031,CUST000385,Savings,Active,2025-07-05
ACC001032,CUST000712,Current,Active,2020-07-19
ACC001033,CUST000405,Business,Active,2025-01-06
ACC001034,CUST000552,Savings,Active,2023-11-01
ACC001035,CUST000622,Current,Active,2020-06-26
ACC001036,CUST000538,Current,Active,2022-10-21
ACC001037,CUST000183,Current,Active,2024-03-25
ACC001038,CUST000226,Current,Active,2024-11-14
ACC001039,CUST000433,Savings,Active,2022-12-03
ACC001040,CUST000283,Business,Active,2026-02-28
ACC001041,CUST000794,Current,Active,2026-03-11
ACC001042,CUST000776,Savings,Active,2025-08-15
ACC001043,CUST000493,Business,Active,2020-06-26
ACC001044,CUST000807,Current,Dormant,2026-03-29
ACC001045,CUST000321,Current,Active,2020-11-16
ACC001046,CUST000300,Current,Active,2024-11-14
ACC001047,CUST000553,Current,Active,2025-09-03
ACC001048,CUST000782,Current,Active,2026-01-21
ACC001049,CUST000042,Current,Active,2026-01-13
ACC001050,CUST000678,Current,Active,2022-08-28
ACC001051,CUST000371,Savings,Active,2024-11-06
ACC001052,CUST000126,Current,Active,2023-07-05
ACC001053,CUST000379,Current,Active,2024-08-14
ACC001054,CUST000043,Current,Active,2021-04-06
ACC001055,CUST000247,Current,Active,2020-04-09
ACC001056,CUST000806,Business,Active,2020-08-20
ACC001057,CUST000063,Current,Active,2025-02-27
ACC001058,CUST000542,Current,Active,2020-08-05
ACC001059,CUST000641,Savings,Dormant,2024-07-16
ACC001060,CUST000902,Business,Active,2022-04-16
ACC001061,CUST000542,Current,Active,2023-10-25
ACC001062,CUST000145,Current,Active,2023-03-22
ACC001063,CUST000586,Current,Active,2023-01-31
ACC001064,CUST000022,Current,Active,2025-01-25
ACC001065,CUST000866,Current,Active,2023-01-22
ACC001066,CUST000895,Current,Active,2022-02-28
ACC001067,CUST000383,Savings,Active,2026-01-21
ACC001068,CUST000235,Savings,Active,2020-06-07
ACC001069,CUST000197,Business,Active,2026-04-08
ACC001070,CUST000387,Current,Active,2023-04-09
ACC001071,CUST000544,Current,Active,2023-12-30
ACC001072,CUST000248,Current,Active,2024-07-13
ACC001073,CUST000996,Current,Active,2025-11-02
ACC001074,CUST000039,Current,Active,2023-04-07
ACC001075,CUST000222,Current,Active,2022-07-20
ACC001076,CUST000264,Current,Active,2025-02-28
ACC001077,CUST000827,Current,Active,2025-06-20
ACC001078,CUST000539,Current,Active,2025-02-21
ACC001079,CUST001000,Current,Active,2024-04-24
ACC001080,CUST000415,Current,Closed,2026-02-03
ACC001081,CUST000741,Current,Active,2020-11-13
ACC001082,CUST000399,Current,Dormant,2021-12-18
ACC001083,CUST000538,Savings,Active,2024-06-16
ACC001084,CUST000831,Current,Active,2021-11-17
ACC001085,CUST000858,Current,Dormant,2023-10-15
ACC001086,CUST000484,Current,Active,2023-05-08
ACC001087,CUST000930,Current,Active,2024-02-19
ACC001088,CUST000812,Current,Active,2025-09-04
ACC001089,CUST000828,Current,Active,2020-01-31
ACC001090,CUST000300,Current,Active,2021-03-06
ACC001091,CUST000601,Current,Closed,2024-05-07
ACC001092,CUST000162,Business,Active,2020-11-10
ACC001093,CUST000463,Current,Active,2025-09-02
ACC001094,CUST000038,Current,Active,2023-03-27
ACC001095,CUST000418,Business,Active,2022-06-01
ACC001096,CUST000812,Current,Active,2022-02-05
ACC001097,CUST000762,Current,Active,2025-03-22
ACC001098,CUST000800,Savings,Dormant,2024-05-14
ACC001099,CUST000209,Current,Active,2019-09-20
ACC001100,CUST000782,Current,Active,2021-06-03
ACC001101,CUST000218,Current,Active,2024-01-30
ACC001102,CUST000365,Current,Active,2020-05-12
ACC001103,CUST000112,Current,Active,2021-10-08
ACC001104,CUST000147,Current,Closed,2023-07-29
ACC001105,CUST000119,Current,Active,2026-06-22
ACC001106,CUST000199,Current,Active,2020-05-11
ACC001107,CUST000140,Current,Active,2022-05-01
ACC001108,CUST000055,Current,Active,2026-04-30
ACC001109,CUST000520,Current,Active,2025-10-21
ACC001110,CUST000187,Business,Active,2021-06-14
ACC001111,CUST000170,Current,Active,2020-02-08
ACC001112,CUST000786,Current,Active,2023-03-16
ACC001113,CUST000778,Current,Active,2021-06-01
ACC001114,CUST000303,Current,Active,2020-01-14
ACC001115,CUST000255,Current,Active,2023-03-26
ACC001116,CUST000909,Current,Active,2024-05-08
ACC001117,CUST000111,Current,Active,2024-01-12
ACC001118,CUST000795,Business,Active,2020-04-02
ACC001119,CUST000717,Current,Active,2024-10-17
ACC001120,CUST000469,Savings,Dormant,2026-03-09
ACC001121,CUST000768,Current,Active,2023-12-21
ACC001122,CUST000334,Current,Active,2022-06-22
ACC001123,CUST000973,Current,Active,2020-03-28
ACC001124,CUST000292,Savings,Active,2021-12-16
ACC001125,CUST000924,Current,Active,2022-09-14
ACC001126,CUST000870,Savings,Active,2022-07-04
ACC001127,CUST000445,Current,Active,2020-05-10
ACC001128,CUST000353,Current,Active,2024-02-07
ACC001129,CUST000829,Current,Active,2024-11-24
ACC001130,CUST000322,Current,Closed,2025-03-08
ACC001131,CUST000796,Current,Active,2023-10-31
ACC001132,CUST000319,Savings,Active,2026-01-28
ACC001133,CUST000490,Savings,Active,2020-10-08
ACC001134,CUST000930,Savings,Active,2025-11-30
ACC001135,CUST000397,Current,Active,2024-05-12
ACC001136,CUST000993,Savings,Active,2025-10-15
ACC001137,CUST000627,Current,Active,2019-09-24
ACC001138,CUST000330,Current,Active,2024-07-17
ACC001139,CUST000893,Current,Active,2021-12-01
ACC001140,CUST000748,Current,Active,2023-07-03
ACC001141,CUST000452,Current,Active,2024-09-17
ACC001142,CUST000907,Current,Active,2021-11-29
ACC001143,CUST000141,Current,Active,2025-06-30
ACC001144,CUST000743,Current,Active,2022-03-22
ACC001145,CUST000717,Business,Active,2023-07-30
ACC001146,CUST000537,Current,Active,2024-05-05
ACC001147,CUST000238,Current,Active,2023-01-04
ACC001148,CUST000176,Current,Active,2022-01-12
ACC001149,CUST000950,Current,Active,2024-09-08
ACC001150,CUST000618,Current,Active,2024-01-29
ACC001151,CUST000526,Business,Active,2021-04-15
ACC001152,CUST001000,Current,Active,2024-02-01
ACC001153,CUST000684,Current,Active,2019-11-20
ACC001154,CUST000886,Current,Active,2022-02-04
ACC001155,CUST000997,Savings,Active,2023-05-04
ACC001156,CUST000210,Current,Active,2022-01-24
ACC001157,CUST000950,Current,Active,2020-12-04
ACC001158,CUST000938,Current,Active,2024-09-19
ACC001159,CUST000504,Savings,Active,2024-06-26
ACC001160,CUST000268,Current,Dormant,2024-08-09
ACC001161,CUST000753,Savings,Active,2019-09-24
ACC001162,CUST000437,Savings,Active,2020-06-25
ACC001163,CUST000869,Current,Active,2022-12-17
ACC001164,CUST000235,Current,Active,2026-04-10
ACC001165,CUST000603,Current,Active,2022-01-05
ACC001166,CUST000465,Current,Active,2020-12-18
ACC001167,CUST000531,Savings,Active,2026-05-11
ACC001168,CUST000386,Current,Active,2024-08-12
ACC001169,CUST000358,Current,Active,2022-02-12
ACC001170,CUST000375,Current,Active,2021-07-07
ACC001171,CUST000415,Current,Active,2020-08-31
ACC001172,CUST000179,Current,Active,2022-11-10
ACC001173,CUST000774,Current,Active,2019-11-27
ACC001174,CUST000275,Current,Active,2020-06-15
ACC001175,CUST000889,Current,Active,2026-02-09
ACC001176,CUST000975,Current,Active,2020-06-13
ACC001177,CUST000734,Current,Active,2023-04-04
ACC001178,CUST000904,Current,Active,2019-09-10
ACC001179,CUST000068,Current,Active,2021-06-18
ACC001180,CUST000469,Business,Active,2026-02-16
ACC001181,CUST000094,Current,Active,2020-06-06
ACC001182,CUST000490,Current,Active,2024-06-09
ACC001183,CUST000463,Current,Active,2025-10-25
ACC001184,CUST000997,Current,Active,2021-01-03
ACC001185,CUST000878,Current,Active,2020-11-10
ACC001186,CUST000158,Savings,Active,2020-09-27
ACC001187,CUST000768,Current,Active,2022-12-17
ACC001188,CUST000409,Current,Active,2023-11-14
ACC001189,CUST000276,Savings,Active,2022-06-28
ACC001190,CUST000635,Current,Active,2026-02-07
ACC001191,CUST000172,Current,Active,2022-09-09
ACC001192,CUST000187,Business,Active,2019-11-16
ACC001193,CUST000362,Savings,Active,2024-06-12
ACC001194,CUST000975,Current,Active,2020-01-27
ACC001195,CUST000851,Savings,Active,2024-05-07
ACC001196,CUST000587,Business,Active,2024-09-08
ACC001197,CUST000697,Business,Active,2022-09-28
ACC001198,CUST000183,Business,Active,2024-08-25
ACC001199,CUST000969,Current,Active,2024-01-15
ACC001200,CUST000801,Current,Active,2020-11-15
ACC001201,CUST000401,Current,Active,2021-01-14
ACC001202,CUST000973,Savings,Active,2019-09-10
ACC001203,CUST000792,Current,Active,2024-01-07
ACC001204,CUST000644,Current,Active,2020-10-13
ACC001205,CUST000853,Current,Active,2021-02-06
ACC001206,CUST000535,Savings,Active,2023-11-20
ACC001207,CUST000089,Savings,Active,2023-01-31
ACC001208,CUST000465,Current,Active,2024-04-06
ACC001209,CUST000178,Current,Active,2021-10-29
ACC001210,CUST000974,Current,Active,2021-10-02
ACC001211,CUST000047,Current,Active,2024-11-06
ACC001212,CUST000822,Current,Dormant,2025-07-22
ACC001213,CUST000182,Current,Active,2025-02-28
ACC001214,CUST000485,Current,Active,2025-01-20
ACC001215,CUST000370,Current,Active,2020-08-15
ACC001216,CUST000357,Current,Active,2022-10-26
ACC001217,CUST000829,Savings,Active,2022-11-22
ACC001218,CUST000812,Savings,Active,2023-05-26
ACC001219,CUST000142,Current,Active,2022-09-30
ACC001220,CUST000287,Current,Active,2019-12-08
ACC001221,CUST000888,Current,Active,2023-04-21
ACC001222,CUST000312,Business,Active,2025-08-07
ACC001223,CUST000027,Current,Active,2026-02-02
ACC001224,CUST000315,Current,Active,2023-12-06
ACC001225,CUST000659,Savings,Active,2025-03-26
ACC001226,CUST000071,Current,Active,2021-02-21
ACC001227,CUST000649,Current,Active,2024-06-26
ACC001228,CUST000311,Current,Active,2022-03-27
ACC001229,CUST000734,Current,Active,2024-01-16
ACC001230,CUST000653,Savings,Active,2023-04-01
ACC001231,CUST000765,Current,Active,2020-10-01
ACC001232,CUST000942,Current,Active,2025-09-30
ACC001233,CUST000834,Current,Active,2025-05-05
ACC001234,CUST000857,Current,Active,2024-12-03
ACC001235,CUST000313,Current,Active,2026-06-10
ACC001236,CUST000426,Current,Active,2020-05-01
ACC001237,CUST000546,Current,Active,2020-09-17
ACC001238,CUST000467,Current,Active,2022-08-10
ACC001239,CUST000267,Savings,Active,2023-07-21
ACC001240,CUST000159,Savings,Dormant,2022-11-19
ACC001241,CUST000524,Savings,Active,2021-06-12
ACC001242,CUST000568,Current,Active,2025-12-07
ACC001243,CUST000736,Current,Active,2021-04-10
ACC001244,CUST000704,Current,Active,2024-02-04
ACC001245,CUST000990,Current,Active,2026-03-16
ACC001246,CUST000159,Current,Active,2024-02-17
ACC001247,CUST000176,Business,Active,2022-11-11
ACC001248,CUST000078,Current,Active,2020-05-10
ACC001249,CUST000171,Current,Active,2023-10-15
ACC001250,CUST000554,Current,Active,2023-01-29
ACC001251,CUST000501,Savings,Active,2021-01-01
ACC001252,CUST000403,Current,Dormant,2020-02-17
ACC001253,CUST000260,Current,Dormant,2020-12-10
ACC001254,CUST000120,Current,Active,2020-01-02
ACC001255,CUST000585,Current,Active,2025-11-28
ACC001256,CUST000923,Current,Active,2020-12-12
ACC001257,CUST000503,Savings,Active,2024-12-23
ACC001258,CUST000532,Current,Active,2025-06-05
ACC001259,CUST000407,Savings,Active,2025-12-02
ACC001260,CUST000039,Savings,Active,2020-04-25
ACC001261,CUST000963,Current,Active,2020-11-18
ACC001262,CUST000449,Current,Active,2022-05-10
ACC001263,CUST000190,Current,Active,2025-11-06
ACC001264,CUST000285,Business,Active,2022-03-07
ACC001265,CUST000587,Savings,Active,2025-04-21
ACC001266,CUST000856,Savings,Dormant,2020-02-19
ACC001267,CUST000153,Current,Active,2019-12-13
ACC001268,CUST000025,Current,Active,2023-06-03
ACC001269,CUST000524,Current,Active,2024-04-30
ACC001270,CUST000482,Current,Active,2020-12-04
ACC001271,CUST000149,Current,Active,2024-10-30
ACC001272,CUST000121,Savings,Dormant,2021-05-15
ACC001273,CUST000677,Current,Active,2025-07-13
ACC001274,CUST000413,Current,Active,2026-01-23
ACC001275,CUST000033,Current,Active,2020-08-06
ACC001276,CUST000203,Business,Active,2024-02-18
ACC001277,CUST000198,Current,Active,2020-07-08
ACC001278,CUST000467,Current,Active,2023-02-24
ACC001279,CUST000783,Savings,Active,2025-07-09
ACC001280,CUST000572,Current,Active,2024-12-15
ACC001281,CUST000591,Current,Closed,2024-11-05
ACC001282,CUST000132,Current,Active,2024-05-10
ACC001283,CUST000991,Current,Active,2025-10-15
ACC001284,CUST000002,Savings,Active,2020-02-24
ACC001285,CUST000798,Current,Active,2026-05-05
ACC001286,CUST000122,Current,Active,2022-07-03
ACC001287,CUST000376,Current,Active,2025-01-26
ACC001288,CUST000266,Business,Active,2024-10-12
ACC001289,CUST000953,Current,Active,2024-09-18
ACC001290,CUST000507,Current,Active,2025-11-04
ACC001291,CUST000988,Current,Active,2019-11-28
ACC001292,CUST000134,Current,Active,2025-05-01
ACC001293,CUST000976,Savings,Active,2026-06-12
ACC001294,CUST000888,Current,Active,2025-02-18
ACC001295,CUST000930,Business,Dormant,2020-03-14
ACC001296,CUST000434,Savings,Active,2025-10-21
ACC001297,CUST000694,Savings,Active,2023-05-03
ACC001298,CUST000969,Current,Active,2025-05-04
ACC001299,CUST000258,Current,Active,2026-01-13
ACC001300,CUST000122,Savings,Active,2026-02-05
